Date,AR_Total_Export_Q,AR_Total_Export_V,BR_Total_Export_Q,BR_Total_Export_V,US_Total_Export_Q,US_Total_Export_V,AR_Export_China_Q,AR_Export_China_V,BR_Export_China_Q,BR_Export_China_V,US_Export_China_Q,US_Export_China_V,AR_Import_Q,BR_Import_Q,US_Import_Q,AR_Import_V,BR_Import_V,US_Import_V,US_Data_Error,AR_Data_Error,BR_Data_Error,US_Bilateral_Q,US_Bilateral_V,AR_Bilateral_Q,AR_Bilateral_V,BR_Bilateral_Q,BR_Bilateral_V,China_US_Tariff,US_Bilateral_Q_lag1,AR_Bilateral_Q_lag1,BR_Bilateral_Q_lag1,US_Bilateral_Q_lag2,AR_Bilateral_Q_lag2,BR_Bilateral_Q_lag2,US_Bilateral_Q_lag3,AR_Bilateral_Q_lag3,BR_Bilateral_Q_lag3,US_Bilateral_Q_lag4,AR_Bilateral_Q_lag4,BR_Bilateral_Q_lag4,US_Bilateral_Q_lag5,AR_Bilateral_Q_lag5,BR_Bilateral_Q_lag5,US_Bilateral_Q_lag6,AR_Bilateral_Q_lag6,BR_Bilateral_Q_lag6,Tariff_Change,Policy_Shock,Total_Bilateral_Q,US_Export_Share,AR_Export_Share,BR_Export_Share,US_FOB_Price,AR_FOB_Price,BR_FOB_Price
2016-01-01,0.017804980992512646,0.011101012449950562,0.023115401431640956,0.01739456272522712,0.4533981742733071,0.334228144956545,0.014861550613624064,0.009317915865894396,0.025394406327453403,0.019715718063807376,0.3999552384505421,0.32867263014864384,0.09303206420695509,0.04866743295340712,0.5049790724767069,0.07598828468641262,0.03651104758868922,0.4698623155452779,1.0,1.0,1.0,0.535709196287858,0.4732347855131653,0.06430499275040777,0.06382903738140905,0.002794837052558355,0.0019600240664031134,0.0,0.9603681866702821,0.6007255444408872,0.058051101300009234,0.614610179128182,0.5102502671866743,0.16251111806969115,0.0740944257856978,0.6372799672087304,0.3251196401170482,2.9019802739173186e-05,1.0,0.44107252400117464,0.0009203415517361714,1.0,0.47870651362592065,0.008291283600634951,1.0,0.5848287959146372,0.5,0,0.17244803448644275,0.8778916967260375,0.021945728637245705,0.10016257463671681,0.20280854060635445,0.003518291804337631,0.2200831713050284
2016-02-01,0.001169481611030122,0.0006718443146050087,0.12862268596093732,0.0921305855242707,0.14427070810471238,0.2947352753183677,0.0,0.0,0.1354405314718244,0.09843177190936321,0.3244180177072104,0.26659814123335457,0.017216734553016786,0.02058053672796771,0.4157466693790123,0.014062284096440069,0.015439816342139924,0.3868352242728573,1.0,0.0,1.0,0.4380128061315571,0.3871367627324031,0.009943702472732059,0.010226242576500316,0.047914547844854716,0.02733490399361816,0.0,0.535709196287858,0.06430499275040777,0.002794837052558355,0.9603681866702821,0.6007255444408872,0.058051101300009234,0.614610179128182,0.5102502671866743,0.16251111806969115,0.0740944257856978,0.5670555287069898,0.3251196401170482,2.9019802739173186e-05,0.9106419857814217,0.44107252400117464,0.0009203415517361714,0.780714624652365,0.5029404095212184,0.5,0,0.14665095841375547,0.766821587575616,0.0036253431093694775,0.2295530693150144,0.20342929751590177,0.003967710941566614,0.029978405766154292
2016-03-01,0.007763328256577729,0.0068925626539622815,0.5390524638052536,0.38614787896700675,0.04973723870614072,0.10258847367312598,0.0,0.0,0.5679474581812589,0.41239471781912235,0.11207553106665001,0.09210075107661554,0.014605805949641327,0.09438633803939986,0.48523013124691394,0.011929676258828119,0.070810089165676,0.45148673572115317,1.0,0.0,1.0,0.34189590304283796,0.3133224775583821,0.008435734486731102,0.008675427227308111,0.31902326139397147,0.20805305895174092,0.0,0.4380128061315571,0.009943702472732059,0.047914547844854716,0.535709196287858,0.06430499275040777,0.002794837052558355,0.9603681866702821,0.6007255444408872,0.058051101300009234,0.614610179128182,0.45402374140164037,0.16251111806969115,0.0740944257856978,0.5163845727100672,0.3251196401170482,2.9019802739173186e-05,0.710951516122027,0.4634012480203206,0.5,0,0.3609906765494469,0.3818428598053495,0.001962036809431654,0.6161951033852189,0.24663655425251596,0.003967710941556001,0.03213404728835023
2016-04-01,0.302801708478633,0.17217260488920114,0.6508881191953918,0.4684085104879888,0.06749621788763968,0.01792310257511591,0.2810830715821603,0.15904400116515233,0.6871438762229873,0.5021619998015265,0.006207406212110686,0.005101082146166253,0.035929743190365356,0.3597372690268379,0.21970611416413666,0.0293472656065913,0.26988053053615624,0.20442752812368678,1.0,1.0,1.0,0.12669149947061797,0.11889078209593472,0.22073072120556006,0.16763146217405292,0.5184802697125981,0.3642265410611974,0.0,0.34189590304283796,0.008435734486731102,0.31902326139397147,0.4380128061315571,0.009943702472732059,0.047914547844854716,0.535709196287858,0.06430499275040777,0.002794837052558355,0.9603681866702821,0.5345291845634763,0.058051101300009234,0.614610179128182,0.41345308146190046,0.16251111806969115,0.0740944257856978,0.403148987859612,0.34157839989542493,0.5,0,0.45253260682269386,0.12254501825809874,0.044463581150921694,0.8329914005909795,0.2758153067068647,0.0005925633288504303,0.10014229361895843
2016-05-01,0.9686226554673412,0.5674486197592488,0.6150974414433382,0.4590732654844171,0.0004935682656669337,0.0,0.8843583447509179,0.5196380917542825,0.6164951720679696,0.4673892470091426,0.0014498696968423094,0.001014038143037896,0.03161066712996141,0.5410839090186381,0.060224196107839516,0.0258192556920538,0.40592963173915225,0.05603614442138404,1.0,1.0,1.0,0.03479095407568176,0.032556735184283196,0.6474419297043513,0.49674361084723134,0.5726616127998161,0.4252988159035581,0.0,0.12669149947061797,0.22073072120556006,0.5184802697125981,0.34189590304283796,0.008435734486731102,0.31902326139397147,0.4380128061315571,0.009943702472732059,0.047914547844854716,0.535709196287858,0.0572189673908866,0.002794837052558355,0.9603681866702821,0.4867647180890082,0.058051101300009234,0.614610179128182,0.3227888673048913,0.1707380324839096,0.5,0,0.5061032539737254,0.031206586515490912,0.12094118549976349,0.8478522279847456,0.2723062510671945,0.0006904599383083816,0.1605161288809176
2016-06-01,0.9721070742808251,0.5966454752449525,0.4875139090084707,0.38231816629476,0.06123720708683535,0.012585164400711737,0.9525105942182327,0.5866738416871493,0.4979129053015788,0.3947893038798836,0.008554616560407733,0.006922565442193198,0.2434527644781951,0.5506171866111762,0.014997491942047473,0.19885199069698287,0.4130816465105996,0.01395455113945306,1.0,1.0,0.0,0.014097663855309764,0.012541207654976383,0.818281000326861,0.6842317167070324,0.5134866934891322,0.3948909665792218,0.0,0.03479095407568176,0.6474419297043513,0.5726616127998161,0.12669149947061797,0.22073072120556006,0.5184802697125981,0.34189590304283796,0.008435734486731102,0.31902326139397147,0.4380128061315571,0.008847965969614797,0.047914547844854716,0.535709196287858,0.052105994089199394,0.002794837052558355,0.9603681866702821,0.3800243341768743,0.06098986295348267,0.5,0,0.45524423133925335,0.013582381070570535,0.1641816813561343,0.8222359375732952,0.21105086113619254,0.001555548988039902,0.2008722273402508
2016-07-01,0.5973503272883984,0.3751586349731667,0.35639943058046875,0.3067821880138043,0.05345260159561346,0.1265929785526727,0.5577419351221153,0.35116603042891437,0.35536529164213304,0.31038533620924913,0.12038848866092138,0.09883868951101552,0.8207398372557155,0.5075538715369503,0.0,0.6703803712034893,0.38077487032257656,0.0,1.0,1.0,1.0,0.07675544133380302,0.06276723244841728,0.8708371472939851,0.8105011767375778,0.4145934229855244,0.336372178145911,0.0,0.014097663855309764,0.818281000326861,0.5134866934891322,0.03479095407568176,0.6474419297043513,0.5726616127998161,0.12669149947061797,0.22073072120556006,0.5184802697125981,0.34189590304283796,0.007506167031041048,0.31902326139397147,0.4380128061315571,0.008057329300696461,0.047914547844854716,0.535709196287858,0.04067991161748765,0.00293632205066921,0.5,0,0.40246613849686647,0.080111023674979,0.18928383486060912,0.7306051414644119,0.11577481708035964,0.00274176707091422,0.2642897164752869
2016-08-01,0.6110700007338716,0.3926003765991635,0.2298936350275915,0.19638017358410156,0.10110407806908273,0.22418446042132276,0.5937655741541642,0.3817329991308283,0.22357855841088287,0.19328159414286267,0.2272359737809811,0.18673650945622924,1.0000000000000002,0.43501238725966623,0.043546572109170234,0.8168001651224863,0.3263531080208191,0.040518299312745885,1.0,1.0,1.0,0.1688734733499925,0.1411971253316841,1.0,0.9450922517294159,0.3065024161739224,0.24970781385416146,0.0,0.07675544133380302,0.8708371472939851,0.4145934229855244,0.014097663855309764,0.818281000326861,0.5134866934891322,0.03479095407568176,0.6474419297043513,0.5726616127998161,0.12669149947061797,0.19640751672035192,0.5184802697125981,0.34189590304283796,0.0068354308507542596,0.31902326139397147,0.4380128061315571,0.00629047482069374,0.05034015963682178,0.5,0,0.3702799097826703,0.18569088751755283,0.22899322188058582,0.5853158906018613,0.14011921779108594,0.0029221755796965763,0.26821703170952604
2016-09-01,0.4353620755766026,0.2991268096949703,0.08023876782947106,0.0690103765441395,0.12906989254596907,0.22582094360973728,0.4013575475515986,0.2770334568861473,0.07119813283170917,0.06208194873519447,0.29085489928944314,0.23902078025056392,0.7628619039929122,0.32485016938729344,0.16732626628243924,0.6231056452908056,0.24370767974743876,0.1556902279957925,1.0,1.0,1.0,0.2782548419655736,0.23924878771210223,0.7261480578626085,0.7079355662524919,0.16813817188853175,0.1402513174828205,0.0,0.1688734733499925,1.0,0.3065024161739224,0.07675544133380302,0.8708371472939851,0.4145934229855244,0.014097663855309764,0.818281000326861,0.5134866934891322,0.03479095407568176,0.5760977037511766,0.5726616127998161,0.12669149947061797,0.17885693104861908,0.5184802697125981,0.34189590304283796,0.005336520830983808,0.3351733999125406,0.5,0,0.2629617779861126,0.37243663685417877,0.20240830015510053,0.42515506299072076,0.17156069043744693,0.003296447249279485,0.2910082668674552
2016-10-01,0.09330004568784928,0.0667121463729491,0.06335425331482529,0.05371070744887861,0.4439859885885743,0.7920219222713915,0.08045228262300518,0.05497278083600641,0.06931516385576802,0.0597109657027813,1.0,0.8217735350134341,0.6169274831845429,0.12667310806247412,0.29090663407421846,0.5039063346726508,0.09503213178299309,0.2706766916561606,1.0,1.0,1.0,0.797442256904591,0.672514405206918,0.41355117208067477,0.4170013737033684,0.06622452586743548,0.054333887617797484,0.0,0.2782548419655736,0.7261480578626085,0.16813817188853175,0.1688734733499925,1.0,0.3065024161739224,0.07675544133380302,0.8708371472939851,0.4145934229855244,0.014097663855309764,0.7281113311996731,0.5134866934891322,0.03479095407568176,0.5246187569480887,0.5726616127998161,0.12669149947061797,0.13963622179009655,0.5447276603837843,0.5,0,0.45865408126076407,0.764496423587505,0.08256556178037734,0.15293801463211767,0.14970454582676473,0.0037158551997522812,0.2635759416385768
2016-11-01,0.0026024098613339716,0.0027660611609612827,0.01637872998140924,0.013649102929097535,0.4032831996179072,0.728687305274288,0.0,0.0,0.016080026301047816,0.013663941258301029,0.9078072329001109,0.746011958891064,0.5945934200049352,0.06417989616261466,0.6809903693228746,0.48566386028212105,0.048148741439241964,0.6336336082696726,1.0,0.0,1.0,0.9562928062412934,0.8294732637910696,0.3434133945965325,0.3531711338749217,0.005663319077863806,0.0057223783813313,0.0,0.797442256904591,0.41355117208067477,0.06622452586743548,0.2782548419655736,0.7261480578626085,0.16813817188853175,0.1688734733499925,1.0,0.3065024161739224,0.07675544133380302,0.7748761053001018,0.4145934229855244,0.014097663855309764,0.6630487485136248,0.5134866934891322,0.03479095407568176,0.40957753591631735,0.6016518636378666,0.5,0,0.49190274650669713,0.8746193091773194,0.0654092055663955,0.059971485256285095,0.18159409414703287,0.003967710941735942,0.27829914771956266
2016-12-01,0.03543367121245027,0.023525145479076665,0.03845591053192223,0.03270077615515715,0.6874464018804325,0.5438332245976578,0.033521378106517535,0.022042014362983014,0.039681484191581066,0.03418149895693968,0.6397096141292025,0.5421589233361505,0.3680098763891634,0.02802584712046479,1.0,0.32630612976492196,0.021025405284475548,0.9304589856383734,1.0,0.5,1.0,0.9638319143965812,0.8681392639314217,0.04769818469450517,0.04054888630170114,0.0,0.0,0.0,0.9562928062412934,0.3434133945965325,0.005663319077863806,0.797442256904591,0.41355117208067477,0.06622452586743548,0.2782548419655736,0.7261480578626085,0.16813817188853175,0.1688734733499925,0.8898059846297669,0.3065024161739224,0.07675544133380302,0.7056347152650587,0.4145934229855244,0.014097663855309764,0.5176518548220349,0.5394812908456251,0.5,0,0.4503601638563293,0.9352591128394726,0.009638866569618265,0.05510202059090919,0.22580104228737152,0.0017303698945848704,0.23008893642714523
2017-01-01,0.036704568624791135,0.02460320400035249,0.05741895039698524,0.046874453715133026,0.2327265803668714,0.4416081207068616,0.032180522982256834,0.020540032913078796,0.06260471957099985,0.05197593892229717,0.5241178719224305,0.41465372976392156,0.03663428329858351,0.021887254218872592,0.8184229631584871,0.030378033888002406,0.01667008373073102,0.773108483341465,1.0,1.0,1.0,0.7892366387991556,0.6987339608729216,0.044053631039455865,0.040983832324587,0.00925209947343792,0.005968902413450994,0.0,0.9638319143965812,0.04769818469450517,0.0,0.9562928062412934,0.3434133945965325,0.005663319077863806,0.797442256904591,0.41355117208067477,0.06622452586743548,0.2782548419655736,0.6461308876134312,0.16813817188853175,0.1688734733499925,0.8102946888034441,0.3065024161739224,0.07675544133380302,0.5508993418698387,0.4355816768854027,0.5,0,0.34391025653599144,0.9076375018369924,0.010550678153183923,0.08181182000982368,0.2053932074489473,0.002736770450903269,0.18327067026943555
2017-02-01,0.005526580528005644,0.0034587472252550757,0.21822251669571927,0.17890692750598777,0.1387928941086419,0.2625762928989399,0.0,0.0,0.22218000299043253,0.1845015967831239,0.3127091822511246,0.24731855162166874,0.14614788773814374,0.061557074923452915,0.5666394745681497,0.11772981895775912,0.04411581829934584,0.5036336443019844,1.0,1.0,1.0,0.5146702788315406,0.4408696020043011,0.0,0.0,0.1156117548382611,0.08457434761595994,0.0,0.7892366387991556,0.044053631039455865,0.00925209947343792,0.9638319143965812,0.04769818469450517,0.0,0.9562928062412934,0.3434133945965325,0.005663319077863806,0.797442256904591,0.367980307868039,0.06622452586743548,0.2782548419655736,0.5883939145710076,0.16813817188853175,0.1688734733499925,0.6326089138269858,0.32201870315517794,0.5,0,0.2654084936610246,0.6854771384451523,0.0,0.3145228615548476,0.16729938324935012,0.017545818376980472,0.16016872815115413
2017-03-01,0.03304650261656987,0.022556860100800376,0.5939177143406627,0.48000500918904504,0.23281702586662778,0.14673410831272907,0.032180522982256834,0.02219850864372104,0.6466890896864084,0.5298958133503606,0.1430456471813126,0.11319894706454901,0.005816785763666202,0.15712152387052156,0.5396612277194309,0.004538325722717023,0.11260358111683148,0.4796540729864158,1.0,1.0,1.0,0.39189682178963703,0.342556377238763,0.026254676433328707,0.023718884279477118,0.393479906713826,0.287704146447603,0.0,0.5146702788315406,0.0,0.1156117548382611,0.7892366387991556,0.044053631039455865,0.00925209947343792,0.9638319143965812,0.04769818469450517,0.0,0.9562928062412934,0.3055712937140182,0.005663319077863806,0.797442256904591,0.3350983182854099,0.06622452586743548,0.2782548419655736,0.4593677341620399,0.17664994859846062,0.5,0,0.4728798846847629,0.368112818399032,0.005135814642204891,0.6267513669587631,0.1904987930506976,0.0023992097637738335,0.14533500321927528
2017-04-01,0.37222037325776913,0.240545119711998,0.676655508727081,0.5255439502080689,0.035142042350518675,0.09013199770274102,0.33730502747534047,0.21876078587357328,0.718751467986537,0.5655999521199521,0.07849775686449957,0.062148105375773526,0.03257404005183417,0.5423539251238239,0.22473335092918278,0.025416283136440336,0.38868643009843773,0.19973093627961755,1.0,1.0,1.0,0.17539845378748845,0.15230051964042834,0.2587922281394466,0.21970091910901773,0.6285215454762952,0.4621172866443997,0.0,0.39189682178963703,0.026254676433328707,0.393479906713826,0.5146702788315406,0.0,0.1156117548382611,0.7892366387991556,0.044053631039455865,0.00925209947343792,0.9638319143965812,0.04244213019714665,0.0,0.9562928062412934,0.27826604970553165,0.005663319077863806,0.797442256904591,0.26161615778183256,0.06957705653059876,0.5,0,0.6028555272254676,0.13907351829453998,0.04273299995698534,0.8181934817484746,0.18282412644555612,0.001715729975537511,0.14877433456846334
2017-05-01,0.7966410422432004,0.5030521071548959,0.6941561517431462,0.5279144227568454,0.09601298419791965,0.03849277072817669,0.786828414426626,0.49891239187003567,0.7149879320484243,0.5506414724802304,0.04492876253168163,0.035564702800629906,0.03647368489302983,0.686023728489443,0.18039834975033123,0.028459069890148736,0.4916496504733748,0.1603238417969418,1.0,1.0,1.0,0.12937378028371196,0.11325572059121203,0.5808620496185516,0.4795995773530978,0.699635339868485,0.5137326070463382,0.0,0.17539845378748845,0.2587922281394466,0.6285215454762952,0.39189682178963703,0.026254676433328707,0.393479906713826,0.5146702788315406,0.0,0.1156117548382611,0.7892366387991556,0.039199184543579485,0.00925209947343792,0.9638319143965812,0.03864958572352327,0.0,0.9562928062412934,0.21724637454935045,0.005950017255240296,0.5,0,0.6897188886662509,0.09290296978530628,0.0868659959264849,0.8202310342882089,0.19224468154811958,0.0014236274484839013,0.146840927105512
2017-06-01,0.6900363809964498,0.4257003461175928,0.5680107611706744,0.42581990995044083,0.017626339500041215,0.047511062086522206,0.678711608879874,0.4194934456424311,0.5660973600475395,0.431284911930981,0.03902078844966232,0.030875428521421878,0.39797736809015527,0.5393820871580876,0.04561858741342652,0.31053055679513614,0.3865566157587809,0.0405250668441527,0.0,1.0,1.0,0.05050923167178937,0.042678364055612074,0.7127314310899626,0.6116694434352483,0.5445828499045029,0.39709976509163597,0.0,0.12937378028371196,0.5808620496185516,0.699635339868485,0.17539845378748845,0.2587922281394466,0.6285215454762952,0.39189682178963703,0.026254676433328707,0.393479906713826,0.5146702788315406,0.0,0.1156117548382611,0.7892366387991556,0.035696423253777636,0.00925209947343792,0.9638319143965812,0.03017429681110987,0.0,0.5,0,0.49668313909825595,0.04589195600490226,0.13486063158966063,0.8192474124054371,0.15185618034402748,0.001831895212187705,0.1402532688084801
2017-07-01,0.26524666129423047,0.16270283147425402,0.44050429605274294,0.32993331443774176,0.1398118663673133,0.07282009803104453,0.2508964225985285,0.15328105928446137,0.4552863479284238,0.3466284777526819,0.05686333618854632,0.04498533652515169,0.8160719496719289,0.6368273402403419,0.05845005454802101,0.6367587034237602,0.4563922863907742,0.05193029576670881,1.0,1.0,1.0,0.06899046181645949,0.0580344821710055,0.6498331037740638,0.6040353919714757,0.5343622253503876,0.3967139107896391,0.0,0.05050923167178937,0.7127314310899626,0.5445828499045029,0.12937378028371196,0.5808620496185516,0.699635339868485,0.17539845378748845,0.2587922281394466,0.6285215454762952,0.39189682178963703,0.023361568214893984,0.393479906713826,0.5146702788315406,0.0,0.1156117548382611,0.7892366387991556,0.02786871968200496,0.009720475000133684,0.5,0,0.48975775756836976,0.06328601377427354,0.12414064349742494,0.8125733427283015,0.14686162169330652,0.002726821039638812,0.16041407140626518
2017-08-01,0.39434759586029067,0.25267106841997133,0.3879570142069154,0.2993228935898971,0.06052686347024895,0.12749772342119436,0.3619045993768681,0.2318050457403048,0.41639745704741493,0.32620184974046085,0.13517619216208562,0.10693967153863583,0.7706029554503829,0.5135274234992296,0.021020859157481656,0.6012801628732277,0.3680274650976174,0.01866141565069212,1.0,1.0,1.0,0.09786076478348907,0.07842031713259444,0.7025498173720514,0.6504627505901138,0.4505890554773559,0.33661542856173615,0.0,0.06899046181645949,0.6498331037740638,0.5343622253503876,0.05050923167178937,0.7127314310899626,0.5445828499045029,0.12937378028371196,0.5808620496185516,0.699635339868485,0.17539845378748845,0.23027487337415148,0.6285215454762952,0.39189682178963703,0.021274024870179202,0.393479906713826,0.5146702788315406,0.0,0.12146444986386604,0.5,0,0.43017210432791037,0.09785907722820483,0.1463063269957046,0.7558345957760905,0.09401066048903517,0.0026808455468385634,0.16820247538677857
2017-09-01,0.505204807310857,0.3270079378191595,0.2781347984347687,0.21496714481403986,0.3679580704390949,0.2527201365374239,0.5002218505751049,0.3231609845472446,0.29929725951091823,0.23462613602397886,0.32386601313877844,0.25626789648183934,0.4047874609105698,0.5026589385894673,0.11257205096278539,0.3158442869092456,0.36023839473840347,0.10003654522187658,1.0,1.0,1.0,0.2687027236508048,0.2187406392116755,0.5896764904888431,0.5269260809009301,0.3818273287309769,0.2886725821811,0.0,0.09786076478348907,0.7025498173720514,0.4505890554773559,0.06899046181645949,0.6498331037740638,0.5343622253503876,0.05050923167178937,0.7127314310899626,0.5445828499045029,0.12937378028371196,0.5168545279948997,0.699635339868485,0.17539845378748845,0.20969796796500276,0.6285215454762952,0.39189682178963703,0.016608942341367033,0.41339931625761556,0.5,0,0.45705291529663644,0.25820088472662445,0.11800297117264,0.6237961441007356,0.11087529210525027,0.0022758539902231166,0.18229421287767988
2017-10-01,0.2300143018120765,0.14716108706844858,0.16582688794976547,0.12849100530530935,0.35908930957818047,0.6309689402892334,0.2276528209153896,0.14612867327872686,0.18537216309524715,0.14607416964137263,0.8083200600676061,0.6395477429602892,0.40826440098113076,0.27343031335764023,0.15184874864029235,0.3385463032826399,0.20825420599871616,0.14344754013904917,1.0,1.0,1.0,0.5982260020928356,0.48551940879594985,0.3977628923843614,0.3805988926032962,0.20360734917496465,0.15993016623461598,0.0,0.2687027236508048,0.5896764904888431,0.3818273287309769,0.09786076478348907,0.7025498173720514,0.4505890554773559,0.06899046181645949,0.6498331037740638,0.5343622253503876,0.05050923167178937,0.634192692817587,0.5445828499045029,0.12937378028371196,0.470669433733395,0.699635339868485,0.17539845378748845,0.16371427035016078,0.6603396329003713,0.5,0,0.46568709104029443,0.5677212633870851,0.07861177659118111,0.35366696002173376,0.10760844078078158,0.0030696970850916574,0.22614240869860014
2017-11-01,0.013516074562651302,0.011200296970294078,0.1411097406755651,0.10987248260665686,0.321492270940362,0.5826103467152594,0.0,0.0,0.15609445354102486,0.12335919667061232,0.7235612724661985,0.5723609232176364,0.37484994963888,0.2416155088721673,0.5739840396992053,0.29248486151146874,0.1731575221279812,0.5101618492046638,1.0,0.0,1.0,0.7796595884285441,0.6500191576759925,0.21649835064766115,0.21269291225749629,0.17160111731305205,0.1291240182247515,0.0,0.5982260020928356,0.3977628923843614,0.20360734917496465,0.2687027236508048,0.5896764904888431,0.3818273287309769,0.09786076478348907,0.7025498173720514,0.4505890554773559,0.06899046181645949,0.5782253847486982,0.5343622253503876,0.05050923167178937,0.5775224931554745,0.5445828499045029,0.12937378028371196,0.36745851029250864,0.7350534708285608,0.5,0,0.527856898781544,0.6792876198505498,0.039282284702109684,0.28143009544734054,0.13694924407996623,0.0033906055391990375,0.18216243291839462
2017-12-01,0.04066629087576891,0.026103345640655033,0.15693254314968633,0.1246514336720438,0.5162243263236909,0.3658665804365868,0.011775145909416704,0.007641255043159701,0.17547832607230865,0.14148337094256727,0.45407282301061114,0.35330596928809377,0.34516009092129263,0.1613426533990637,0.7186652359065785,0.286218073956708,0.12288426566415049,0.6788750982733569,1.0,1.0,1.0,0.689162071022821,0.6067706005193019,0.20772821085537585,0.21516424965646197,0.14119851486199514,0.109062093568212,0.0,0.7796595884285441,0.21649835064766115,0.17160111731305205,0.5982260020928356,0.3977628923843614,0.20360734917496465,0.2687027236508048,0.5896764904888431,0.3818273287309769,0.09786076478348907,0.625133031998201,0.4505890554773559,0.06899046181645949,0.5265563125967812,0.5343622253503876,0.05050923167178937,0.4508802564721744,0.5721516498169754,0.5,0,0.43562789930504403,0.6835102186526879,0.04290546335325684,0.2735843179940552,0.1989185077493989,0.004060353945617505,0.20956135068059667
2018-01-01,0.0021363678671680116,0.0011486389638286948,0.10254413053217884,0.07970525616497844,0.4595726802364379,0.3194306030576804,0.0,0.0,0.11404194261825382,0.0901416223696011,0.37409801981215524,0.2908908347086148,0.05354554046643759,0.18966223686306213,0.753146337273344,0.03934349854342021,0.12979956662479347,0.6440374921218898,1.0,0.0,1.0,0.6575934348609349,0.5476548935840596,0.030925768476473717,0.028610539360525634,0.12244412408374027,0.08861739650350525,0.0,0.689162071022821,0.20772821085537585,0.14119851486199514,0.7796595884285441,0.21649835064766115,0.17160111731305205,0.5982260020928356,0.3977628923843614,0.20360734917496465,0.2687027236508048,0.5246976702324503,0.3818273287309769,0.09786076478348907,0.5692723856364028,0.4505890554773559,0.06899046181645949,0.41109021394732936,0.5614136194110925,0.5,0,0.371173025505488,0.722008050605794,0.007071288286241648,0.27092066110796437,0.13574911857109262,0.0026717601187422856,0.14948859140648718
2018-02-01,0.0012318007740780312,0.0006199069045283456,0.0750009416852323,0.13962591827164153,0.3201061739681427,0.2154914602328201,0.0,0.0,0.18318093088491078,0.14538022335293563,0.238374014072034,0.1871827938677123,0.14614788773814374,0.15969616864919436,0.4329959978113159,0.11772981895775912,0.10925519555338391,0.36846890591789755,1.0,0.2,1.0,0.3929868661227497,0.32657114028967577,0.0,0.0,0.14451927310527818,0.10314039660445962,0.0,0.6575934348609349,0.030925768476473717,0.12244412408374027,0.689162071022821,0.20772821085537585,0.14119851486199514,0.7796595884285441,0.21649835064766115,0.17160111731305205,0.5982260020928356,0.35393180210725067,0.20360734917496465,0.2687027236508048,0.4778117283553642,0.3818273287309769,0.09786076478348907,0.4444392768770806,0.47339954155010605,0.5,0,0.21460674734772062,0.583079219160511,0.0,0.416920780839489,0.13333632733478562,0.017545818376980472,0.13354926557038138
2018-03-01,0.0026619330940451016,0.001618713702225163,0.5669634478260954,0.4541858361161115,0.2158481487305982,0.1383275021063118,0.0,0.0,0.5966517317706993,0.4853255934991467,0.11888438068363287,0.09584514904993226,0.091945463112713,0.2133394915914411,0.4013703919558681,0.07310540910324864,0.14977121729843365,0.3437021670552086,1.0,0.4,1.0,0.2994844808676241,0.2548568893449336,0.0,0.0,0.39508419565170677,0.2877292981824614,0.0,0.3929868661227497,0.0,0.14451927310527818,0.6575934348609349,0.030925768476473717,0.12244412408374027,0.689162071022821,0.20772821085537585,0.14119851486199514,0.7796595884285441,0.19264152806876264,0.17160111731305205,0.5982260020928356,0.32230515910214397,0.20360734917496465,0.2687027236508048,0.37303460415745593,0.4011568416393326,0.5,0,0.40980936250102845,0.3089954818249801,0.0,0.6910045181750198,0.15984503796631877,0.017545818376980472,0.14099764312805663
2018-04-01,0.07457956968128274,0.05392418136394421,0.6404323927478796,0.52912683811292,0.13162289692096935,0.07143518175201308,0.0714895193887651,0.050762516239080846,0.6472989734267808,0.5447392117952594,0.04625428250469881,0.03589722654364374,0.03407926098294557,0.4025160741014036,0.31301384954144096,0.025973413356530143,0.28415311906217344,0.27175088926915647,1.0,0.6000000000000001,1.0,0.204122267747103,0.17635418118537627,0.10172375039866688,0.09338363842206401,0.5187457632523035,0.3925915388013092,0.0,0.2994844808676241,0.0,0.39508419565170677,0.3929868661227497,0.0,0.14451927310527818,0.6575934348609349,0.030925768476473717,0.12244412408374027,0.689162071022821,0.18483780519554754,0.14119851486199514,0.7796595884285441,0.1754274636645055,0.17160111731305205,0.5982260020928356,0.2516283513119511,0.21391470694632644,0.5,0,0.48761407979409627,0.18780305158246247,0.01949072954847951,0.792706218869058,0.17705734662922956,0.002582369738388676,0.18234510955822225
2018-05-01,0.22498204593213772,0.15573351340859098,0.7970406620582174,0.6630655080124029,0.18430349046073033,0.11564122872243915,0.22463809101237,0.15603314920190045,0.8402306433887683,0.7094312326650006,0.06064668483970916,0.049009488648034165,0.02183220210059022,0.8344393937856754,0.0629073291444964,0.016641746383461466,0.594473540049493,0.056006967479835607,1.0,0.8,1.0,0.0738769792551178,0.06287905190615195,0.3196416662967031,0.2870413893255437,0.8428223565610015,0.6478030488267129,0.0,0.204122267747103,0.10172375039866688,0.5187457632523035,0.2994844808676241,0.0,0.39508419565170677,0.3929868661227497,0.0,0.14451927310527818,0.6575934348609349,0.0275179338696409,0.12244412408374027,0.689162071022821,0.168321065970753,0.14119851486199514,0.7796595884285441,0.13695878644855083,0.18028820114022334,0.5,0,0.7639356533216375,0.04909363091934932,0.04423569770090352,0.9066706713797472,0.16003944025074612,0.0023313784337941033,0.19942968722596777
2018-06-01,0.2510143420010896,0.17664226156612975,0.6718262890528761,0.5566865536885114,0.17227677317793733,0.09973552828681176,0.24735656507048023,0.17351339807310517,0.7082666816769372,0.5958162525866461,0.03073828861078718,0.023592298056420033,0.07226696232217247,0.716917420426472,0.08114783738411172,0.05462762430155338,0.5245236565432676,0.07212260891682548,1.0,1.0,0.0,0.0650502321082134,0.05590789087060951,0.21772261351270528,0.1993242181373927,0.7117349546366235,0.5539400869443682,0.0,0.0738769792551178,0.3196416662967031,0.8428223565610015,0.204122267747103,0.10172375039866688,0.5187457632523035,0.2994844808676241,0.0,0.39508419565170677,0.3929868661227497,0.0,0.14451927310527818,0.6575934348609349,0.02505898594365163,0.12244412408374027,0.689162071022821,0.1314107178404424,0.14834650640240307,0.5,0,0.6095992435725202,0.0511645812585946,0.0356629762238287,0.9131724425175767,0.17108092185578316,0.0025507987968101976,0.214584899781175
2018-07-01,0.0016493581613350895,0.0010422764752960711,0.6544429511372352,0.5384208992834273,0.17958011982179942,0.09789299018417416,0.0,0.0,0.685951701070164,0.5732602981665236,0.014303389511708205,0.010637324003490316,0.17842589302982184,0.6442567474545905,0.039390934891289496,0.1314991081823131,0.4706186312452326,0.035404342001180526,1.0,0.0,1.0,0.03134269895391955,0.02699541188758179,0.1030516678605619,0.09562536103641103,0.6626925905996675,0.5124828908220368,0.29761904761904767,0.0650502321082134,0.21772261351270528,0.7117349546366235,0.0738769792551178,0.3196416662967031,0.8428223565610015,0.204122267747103,0.10172375039866688,0.5187457632523035,0.2994844808676241,0.0,0.39508419565170677,0.3929868661227497,0.0,0.14451927310527818,0.6575934348609349,0.01956391680516687,0.12864269893403998,0.6689189189189189,1,0.5212164710386622,0.02754875793839516,0.018863146095867853,0.953588095965737,0.17352261121856305,0.002706897013293375,0.20702361757958898
2018-08-01,0.0014494382616618059,0.001228205355909541,0.5413999313407075,0.4392574594066264,0.18122405395265925,0.09578043397004526,0.0,0.0,0.5956437319054502,0.48964848412910833,0.014886437474735274,0.010790162362670734,0.3291066112407822,0.726724713475468,0.033849396984648734,0.24804466226261876,0.5136987327424019,0.030175102331272238,1.0,0.0,1.0,0.028624636393683324,0.02414069528365214,0.1900788270391022,0.18037635508238525,0.6559172795374683,0.49733428675137586,0.29761904761904767,0.03134269895391955,0.1030516678605619,0.6626925905996675,0.0650502321082134,0.21772261351270528,0.7117349546366235,0.0738769792551178,0.3196416662967031,0.8428223565610015,0.204122267747103,0.09051440188371841,0.5187457632523035,0.2994844808676241,0.0,0.39508419565170677,0.3929868661227497,0.0,0.1518353737214361,0.5,0,0.5244524142690454,0.025051941018582834,0.03464404680514932,0.9403040121762678,0.149723731584952,0.002970652730508682,0.18385380299852683
2018-09-01,0.0014670755634675495,0.0013843553722393779,0.31283284733012784,0.2553048105692122,0.16850560129218914,0.08297101289188619,0.0,0.0,0.3572105520288797,0.2954986840417692,0.0,0.0,0.09220164282880838,0.6942096453802655,0.016591866678706955,0.07125478332217704,0.4853581586829459,0.014588137828398297,0.0,0.0,1.0,0.009553923008837877,0.008522919788557213,0.05325198787238901,0.051816170219856954,0.5106209304399811,0.38894555934003394,0.29761904761904767,0.028624636393683324,0.1900788270391022,0.6559172795374683,0.03134269895391955,0.1030516678605619,0.6626925905996675,0.0650502321082134,0.21772261351270528,0.7117349546366235,0.0738769792551178,0.28441906760783725,0.8428223565610015,0.204122267747103,0.082426214673207,0.5187457632523035,0.2994844808676241,0.0,0.41508482024062304,0.5,0,0.34396109826303883,0.010986225956984822,0.012752522130064274,0.9762612519129509,0.2143547306414444,0.003272834806018048,0.18980563833048447
2018-10-01,0.2008794649735915,0.13109818354141556,0.36346442612914415,0.2927176920838315,0.2910690901039928,0.17050061388738547,0.20180357203805105,0.13214559987501945,0.4212692634076988,0.3439524617385055,0.0309411324191925,0.022918793572124996,0.019940681932596203,0.5972982613019653,0.008128015745335102,0.014753308129781947,0.42685899107097885,0.007386147631457751,1.0,1.0,1.0,0.02448501246388608,0.018945571348870465,0.15509195047514146,0.1322774615678143,0.4958694342023062,0.37859960446762986,0.29761904761904767,0.009553923008837877,0.05325198787238901,0.5106209304399811,0.028624636393683324,0.1900788270391022,0.6559172795374683,0.03134269895391955,0.1030516678605619,0.6626925905996675,0.0650502321082134,0.19373088449283887,0.7117349546366235,0.0738769792551178,0.25900394452050135,0.8428223565610015,0.204122267747103,0.06435135125010806,0.5450065941893288,0.5,0,0.3527240994780379,0.027733083673670843,0.03658310486009022,0.9356838114662389,0.05742751010748326,0.0017652938226831155,0.1925949304512382
2018-11-01,0.42745495375014797,0.28462396555860053,0.3420722707577645,0.2766065495608501,0.24833941976579624,0.13855662949369885,0.4301565631201455,0.2872865356804175,0.40482125071863334,0.3319139360894698,0.0,0.0,0.021693837079409594,0.46356859978448,0.49249518004350057,0.01665391517715825,0.3312856201520264,0.4818560582877905,0.5,1.0,1.0,0.0,0.0,0.3185683357275157,0.27635959655168296,0.41890318125309434,0.31837456399657893,0.29761904761904767,0.02448501246388608,0.15509195047514146,0.4958694342023062,0.009553923008837877,0.05325198787238901,0.5106209304399811,0.028624636393683324,0.1900788270391022,0.6559172795374683,0.03134269895391955,0.09169599078840698,0.6626925905996675,0.0650502321082134,0.17641947736175004,0.7117349546366235,0.0738769792551178,0.20220816732980518,0.8854891443855967,0.5,0,0.2800942903286557,0.0,0.08582199248545415,0.9141780075145458,0.3419212861329446,0.0019485962603580272,0.187866751355815
2018-12-01,0.42012727556135526,0.27020176913358457,0.2868749940317875,0.2270433084693274,0.20640600377578808,0.11083140619068862,0.42329528555338314,0.27341157727869886,0.33752494946813877,0.2706486614351174,0.007776161308520054,0.005694322165341689,0.11210028594977395,0.4012219101860507,0.008431775760101972,0.08831476245911399,0.29532411292726496,0.0077400640402663185,0.0,1.0,1.0,0.009944254165387403,0.008257421213895692,0.3659019675325994,0.3157084795021956,0.3508242406540404,0.26876288021297723,0.29761904761904767,0.0,0.3185683357275157,0.41890318125309434,0.02448501246388608,0.15509195047514146,0.4958694342023062,0.009553923008837877,0.05325198787238901,0.5106209304399811,0.028624636393683324,0.16913327785079948,0.6559172795374683,0.03134269895391955,0.0835022191397499,0.6626925905996675,0.0650502321082134,0.1377332660498451,0.7477656128891385,0.5,0,0.2233527431509313,0.014470404998852819,0.1108834389615349,0.8746461560396123,0.13250543125998226,0.0018898415248346252,0.19742082571395758
2019-01-01,0.06504256254513735,0.04084518747999308,0.13962986875439215,0.10806722818163624,0.06727122691561783,0.188495935982894,0.06312502133178607,0.03899910286213737,0.16193206261194215,0.12737696432925472,0.1512523942928865,0.1108359240077739,0.591666594511462,0.45114554080056574,0.017048679844771247,0.4732525988782306,0.3328396411165417,0.015876626050475583,1.0,1.0,1.0,0.10585565265698907,0.07931150182269012,0.3866338534241078,0.3800174896638043,0.28143015656062226,0.2221008681400039,0.29761904761904767,0.009944254165387403,0.3659019675325994,0.3508242406540404,0.0,0.3185683357275157,0.41890318125309434,0.02448501246388608,0.15509195047514146,0.4958694342023062,0.009553923008837877,0.0473839375022835,0.5106209304399811,0.028624636393683324,0.154019864003773,0.6559172795374683,0.03134269895391955,0.06519140367332936,0.6962405428293861,0.5,0,0.21843892228595896,0.15572014863263975,0.11844701074549603,0.7258328406218643,0.02490789118969039,0.003396433898598254,0.23127804833917054
2019-02-01,0.0003283892783956991,6.407171230004644e-05,0.3477269843747382,0.2545007270160574,0.3342788857368432,0.20701298548730648,0.0,0.0,0.3795229063143467,0.28277991261005364,0.23491593023226015,0.17214355060735612,0.5051984913340792,0.18166860250250774,0.11714378154001298,0.409573953973874,0.13211379820600735,0.09596326739958275,1.0,0.0,1.0,0.21476614783141199,0.16326521785261144,0.2917824574762252,0.29783916306421615,0.26172093563184773,0.1814450363412859,0.29761904761904767,0.10585565265698907,0.3866338534241078,0.28143015656062226,0.009944254165387403,0.3659019675325994,0.3508242406540404,0.0,0.3185683357275157,0.41890318125309434,0.02448501246388608,0.1380017457006843,0.4958694342023062,0.009553923008837877,0.04314980294122223,0.5106209304399811,0.028624636393683324,0.12024556031471392,0.6891222404389598,0.5,0,0.2571705240915611,0.29086877167471126,0.08229698383846708,0.6268342444868217,0.03944089167659093,0.0038716375260765736,0.09494400392907276
2019-03-01,0.0013109059062672524,0.001330782928142655,0.2093017931335612,0.3781621651924574,0.07003109140563461,0.15356700013147756,0.0,0.0,0.5031573511592383,0.37581159052412216,0.15726401533746162,0.1152947734964791,0.1939159626371174,0.2553115596051942,0.1953027772228452,0.1560311716401248,0.17033332142412472,0.15881635333408708,1.0,0.0,1.0,0.20901431374664733,0.16280371547366868,0.11199811282980764,0.11346488121764287,0.36597089803609417,0.24743429309693726,0.29761904761904767,0.21476614783141199,0.2917824574762252,0.26172093563184773,0.10585565265698907,0.3866338534241078,0.28143015656062226,0.009944254165387403,0.3659019675325994,0.3508242406540404,0.0,0.28346401164388824,0.41890318125309434,0.02448501246388608,0.12567018374617392,0.4958694342023062,0.009553923008837877,0.03368768220707983,0.5364704522618471,0.5,0,0.3355499521716629,0.2439174492646899,0.02721892805469705,0.728863622680613,0.06425748575295431,0.0037755029629932303,0.0647563674539604
2019-04-01,0.11889942017563833,0.07114107820147005,0.5710244961461148,0.4112509372510906,0.15040237676625387,0.07277413153745141,0.07894028562652065,0.04595427695715692,0.5554632173444685,0.40499311832980955,0.05986457235013335,0.043922946311666725,0.03407926098294557,0.5292014596640845,0.226897292820135,0.025973413356530143,0.34657827573703454,0.18374885213937375,1.0,0.5,1.0,0.16477211764219138,0.13175994815347733,0.11232558254872846,0.0845383149074612,0.5336577254976836,0.361810483994211,0.29761904761904767,0.20901431374664733,0.11199811282980764,0.36597089803609417,0.21476614783141199,0.2917824574762252,0.26172093563184773,0.10585565265698907,0.3866338534241078,0.28143015656062226,0.009944254165387403,0.32558176049831355,0.3508242406540404,0.0,0.25813423046095846,0.41890318125309434,0.02448501246388608,0.09811255033338791,0.5209721806744575,0.5,0,0.47835278305499856,0.15357809839302083,0.02180307324494097,0.8246188283620383,0.09176093627138582,0.0005069820871208153,0.06274227502744179
2019-05-01,0.7678931300072773,0.4222325042010727,0.24828575367774638,0.42596160010433326,0.1897869740398021,0.10145424794153221,0.7007406396122735,0.3860293530794128,0.5964899486017226,0.4226211034818173,0.13921183869071968,0.10201275058313222,3.183302400878888e-08,0.5810631350394709,0.11691070830715725,6.033051727308492e-07,0.3696130754915493,0.09507237855115307,1.0,1.0,1.0,0.15386297020469594,0.11843147468554054,0.49854838758676634,0.35507397341586666,0.582214214355677,0.38332117724737486,0.29761904761904767,0.16477211764219138,0.11232558254872846,0.5336577254976836,0.20901431374664733,0.11199811282980764,0.36597089803609417,0.21476614783141199,0.2917824574762252,0.26172093563184773,0.10585565265698907,0.3440291166372392,0.28143015656062226,0.009944254165387403,0.29648842091439553,0.3508242406540404,0.0,0.20152916884425423,0.4401096110712386,0.5,0,0.5741283869726639,0.12635083884426468,0.08525989730160924,0.788389263854126,0.052067446977719145,0.0,0.031969164950697015
2019-06-01,0.2010273220073144,0.10884946131087862,0.2409901557202315,0.3804078349083722,0.24709213695017612,0.14294258811712932,0.17610206101622192,0.09601200113056577,0.5791406903081046,0.40588922678448386,0.19259033644662343,0.14112954246628037,0.15328861527857973,0.49820554793877697,0.07914545572230834,0.10820517883492838,0.3037136951290705,0.0632897154472167,1.0,1.0,1.0,0.16671236126152097,0.12522009502386355,0.21382280993208252,0.16699890465057374,0.5306615884888823,0.33779005681488,0.29761904761904767,0.15386297020469594,0.49854838758676634,0.582214214355677,0.16477211764219138,0.11232558254872846,0.5336577254976836,0.20901431374664733,0.11199811282980764,0.36597089803609417,0.21476614783141199,0.25962977687232563,0.26172093563184773,0.10585565265698907,0.31328735794116386,0.28143015656062226,0.009944254165387403,0.2314728462479547,0.36858426247024784,0.5,0,0.4905377290181781,0.1527625095086418,0.040803412460590854,0.8064340780307674,0.02739146910991863,0.0008633107434452298,0.0
2019-07-01,0.5813231380349686,0.322425001087617,0.21428522979550985,0.3466957489805773,0.2835062558097436,0.16968871807035116,0.5846518408721897,0.3256664138201131,0.5154295033991217,0.37563110811722783,0.2182813017195545,0.15995389615360142,0.6445826903835812,0.587321766610326,0.11765413154988673,0.44975643714424834,0.3578604305939136,0.09381813009839837,1.0,1.0,1.0,0.20448737094761157,0.15434922577403387,0.7882411209875146,0.6266104410505119,0.5416320155802448,0.35429715064130557,0.29761904761904767,0.16671236126152097,0.21382280993208252,0.5306615884888823,0.15386297020469594,0.49854838758676634,0.582214214355677,0.16477211764219138,0.11232558254872846,0.5336577254976836,0.20901431374664733,0.09965659106320271,0.36597089803609417,0.21476614783141199,0.23642977557900208,0.26172093563184773,0.10585565265698907,0.24458802206336683,0.29567719294253586,0.5,0,0.6058604811118293,0.16155595032390976,0.1296907572102792,0.7087532924658111,0.03229318080890087,0.001038135413148792,0.026384037653140124
2019-08-01,0.4059550097956063,0.23611513272458126,0.3184330276656368,0.23024951871426666,0.38375056674229974,0.24285718462924735,0.40735178675040107,0.2379032490776972,0.3323124095249709,0.2439904948454232,0.3027553000395528,0.22185541977705567,0.39344115276254454,0.6113483998656766,0.21657621896030563,0.275296939960002,0.3844709204873888,0.17376259779699266,1.0,1.0,1.0,0.3132587976219424,0.23859811342043585,0.5170500565678795,0.4190195425018419,0.4549904183733448,0.30694092978192145,0.29761904761904767,0.20448737094761157,0.7882411209875146,0.5416320155802448,0.16671236126152097,0.21382280993208252,0.5306615884888823,0.15386297020469594,0.49854838758676634,0.582214214355677,0.16477211764219138,0.09994797557888348,0.5336577254976836,0.20901431374664733,0.090751475982002,0.36597089803609417,0.21476614783141199,0.18458418349780348,0.27497021828664453,0.5,0,0.5515614942979257,0.2646632720080901,0.09097382650413903,0.6443629014877709,0.04138326785342872,0.0012320867671298565,0.059521658021014945
2019-09-01,0.7499443113419573,0.4423658311236327,0.29787510769876857,0.21690030941804062,0.2426451830321106,0.1398108193227891,0.7489139073493488,0.4412321359319704,0.3178199079557672,0.23512870578064862,0.10807405047447521,0.07919535622299077,0.5864994340294316,0.4378847050346987,0.22367860073347884,0.39232431237779486,0.28019486628023194,0.17563353501791065,1.0,1.0,1.0,0.19359195376186766,0.1494760696460231,0.8715603100118763,0.6911446507209278,0.3588504469136324,0.2432616878603363,0.29761904761904767,0.3132587976219424,0.5170500565678795,0.4549904183733448,0.20448737094761157,0.7882411209875146,0.5416320155802448,0.16671236126152097,0.21382280993208252,0.5306615884888823,0.15386297020469594,0.4436113389022252,0.582214214355677,0.16477211764219138,0.0910168229559875,0.5336577254976836,0.20901431374664733,0.0708510045079368,0.38449769972203457,0.5,0,0.4226355240773381,0.19582067852097254,0.1835955558952079,0.6205837655838196,0.05524882714074075,0.0010136572224544466,0.06768254716556998
2019-10-01,0.7503354877892237,0.4520793311967903,0.3452659453748307,0.2548570593411888,0.39421635379676073,0.2505940347525703,0.7546137605866607,0.45646231444920715,0.39011744618945376,0.29238050712826474,0.20321019170342755,0.1489099691316534,0.5766540202642982,0.3469063536905994,0.1481773917543402,0.3940998801493626,0.22381808445166768,0.11560529027731721,1.0,1.0,1.0,0.21192767601046764,0.15966460824768344,0.8699292055432686,0.7064446846372587,0.3515681656220316,0.2383054232341008,0.29761904761904767,0.19359195376186766,0.8715603100118763,0.3588504469136324,0.3132587976219424,0.5170500565678795,0.4549904183733448,0.20448737094761157,0.7882411209875146,0.5416320155802448,0.16671236126152097,0.19026081592792018,0.5306615884888823,0.15386297020469594,0.40397111057307766,0.582214214355677,0.16477211764219138,0.07105816477113454,0.5606734551677802,0.5,0,0.4270641065178749,0.21292489852962437,0.1820187619884388,0.6050563394819368,0.030411775298530452,0.0012530077773110476,0.06791122619955137
2019-11-01,0.6764255729207,0.4119369476737116,0.3443457621747626,0.25812760914701477,0.21784016943607457,0.3848721230484076,0.6747036710175384,0.40994052601503067,0.39903839812711966,0.3035046968572282,0.4899299471889595,0.3590147359294577,0.8511489850458956,0.3529628578937563,0.33091562109623246,0.6027545155616493,0.23789353429801047,0.259873165784027,1.0,0.0,1.0,0.49583849732282753,0.3738988824798248,0.9716137567065137,0.8153855057298558,0.35946855676639206,0.251617050494541,0.29761904761904767,0.21192767601046764,0.8699292055432686,0.3515681656220316,0.19359195376186766,0.8715603100118763,0.3588504469136324,0.3132587976219424,0.5170500565678795,0.4549904183733448,0.20448737094761157,0.7013816667859666,0.5416320155802448,0.16671236126152097,0.17325948723299478,0.5306615884888823,0.15386297020469594,0.31538615396145936,0.6116880532482968,0.5,0,0.6368852481538341,0.3777354967217204,0.1541468599844431,0.4681176432938365,0.031316227334809765,0.001593514833522278,0.10012095901033868
2019-12-01,0.18179132141121848,0.11037472538536469,0.22043095832544266,0.16438695837929204,0.4142589723166467,0.2709289275983152,0.18063756442199394,0.10963201027236544,0.24812916273296054,0.1876951486613473,0.29872567618738965,0.22161737908579193,0.7837710863042743,0.44196932414845563,0.400335926096916,0.5653127697036195,0.30157279069235116,0.3197425201536963,1.0,1.0,1.0,0.4131094260617724,0.3208371931363465,0.5811911063861631,0.511931692807645,0.3233004785064232,0.23292165471211423,0.29761904761904767,0.49583849732282753,0.9716137567065137,0.35946855676639206,0.21192767601046764,0.8699292055432686,0.3515681656220316,0.19359195376186766,0.8715603100118763,0.3588504469136324,0.3132587976219424,0.4600742346872586,0.4549904183733448,0.20448737094761157,0.6387075938326561,0.5416320155802448,0.16671236126152097,0.13526621554256874,0.5575256426118689,0.5,0,0.49132753017849656,0.37812812002839624,0.11078636229853757,0.5110855176730662,0.06124414964397307,0.002115826155745541,0.1312570416165828
2020-01-01,0.05915118075751021,0.03610580183340689,0.08477439586259608,0.06265849674057324,0.00014062698272734325,0.24644411640339567,0.057631903575451136,0.03500246075564845,0.08601526173679859,0.06499621955312178,0.0,0.18274577205684303,0.8230758616087109,0.2683327692609394,0.4394009702867952,0.59170717204825,0.17977554230014348,0.35976880049817805,0.0,1.0,1.0,0.24518590766881268,0.3188561703451955,0.5163784661273808,0.46248055973882685,0.1473642550110586,0.10517452690695939,0.0,0.4131094260617724,0.5811911063861631,0.3233004785064232,0.49583849732282753,0.9716137567065137,0.35946855676639206,0.21192767601046764,0.8699292055432686,0.3515681656220316,0.19359195376186766,0.7755195798143424,0.3588504469136324,0.3132587976219424,0.41896291468247304,0.4549904183733448,0.20448737094761157,0.4986483593816773,0.5690514333352098,0.3310810810810811,1,0.19090399886822135,0.3842219383127312,0.1685187574558827,0.4472593042313861,0.7559705865071977,0.002301429994317204,0.1332039644814038
2020-02-01,0.0011862802725845574,0.0005929665811818866,0.29692209864473756,0.21300204605298403,0.0,0.08505277244601239,0.0,0.0,0.2956889899222467,0.21509736165311102,0.0,0.04111782859851976,0.25957547870535874,0.20168927254284363,0.35040018040131854,0.18768587201254722,0.13548143341437038,0.28862154557558684,0.0,0.0,1.0,0.19558566827458432,0.18917584015585703,0.14992042448521573,0.13648392595050082,0.22664780036388538,0.151214796677802,0.0,0.24518590766881268,0.5163784661273808,0.1473642550110586,0.4131094260617724,0.5811911063861631,0.3233004785064232,0.49583849732282753,0.9716137567065137,0.35946855676639206,0.21192767601046764,0.7740682132966189,0.3515681656220316,0.19359195376186766,0.7062206901745065,0.3588504469136324,0.3132587976219424,0.3270904746795878,0.47802371772977253,0.5,0,0.18897805555854758,0.30790067408050253,0.04915049388593619,0.6429488320335612,0.31401141295616064,0.0024865475118077233,0.061059425759140584
2020-03-01,0.0016387037428849858,0.0010240659395996741,0.6835616386794888,0.4839660225950791,0.14059061001970694,0.06829137004835795,0.0,0.0,0.6989107999268941,0.5020263614715624,0.023720666445065253,0.017604629633985177,0.20178353296076762,0.19195789158216872,0.22132972032227427,0.14498085545815279,0.12658504917161606,0.18185953241698788,1.0,0.0,1.0,0.13871747454982444,0.11405735641262946,0.11654210693226516,0.10542917974164208,0.4394131166092163,0.2824392595057041,0.0,0.19558566827458432,0.14992042448521573,0.22664780036388538,0.24518590766881268,0.5163784661273808,0.1473642550110586,0.4131094260617724,0.5811911063861631,0.3233004785064232,0.49583849732282753,0.8645477354660661,0.35946855676639206,0.21192767601046764,0.7048990148867101,0.3515681656220316,0.19359195376186766,0.551356821051324,0.37701678500378366,0.5,0,0.36503238640729446,0.15387463980813812,0.02692230330219935,0.8192030568896626,0.12170530628627696,0.002414630602234267,0.01234408662088371
2020-04-01,0.27908452195512434,0.16691310947058122,0.9188237920611385,0.6396770741783242,0.13088875828681787,0.06000267266696669,0.27759162916335517,0.165240658644496,0.9150176301420379,0.6470532615789353,0.04822415299424549,0.03648017755931851,0.033733999706637194,0.5432351353652684,0.0857286727026077,0.023156691326558794,0.3468040457687837,0.06901984659178449,1.0,1.0,1.0,0.07870687758994245,0.062303383554882644,0.21697852876938875,0.16882946741829422,0.7349441991449915,0.4769236193576562,0.0,0.13871747454982444,0.11654210693226516,0.4394131166092163,0.19558566827458432,0.14992042448521573,0.22664780036388538,0.24518590766881268,0.5163784661273808,0.1473642550110586,0.4131094260617724,0.5171473246760034,0.3233004785064232,0.49583849732282753,0.7872934666276498,0.35946855676639206,0.21192767601046764,0.5503249698250997,0.3693658476741352,0.5,0,0.6423338441936908,0.05958573650056424,0.03420895909478693,0.9062053044046489,0.08106869823104179,0.0008266397235851299,0.014903766193277601
2020-05-01,0.9164310498892727,0.5348129949788987,0.8709096993322648,0.5963276444941783,0.10762985181471053,0.04199617633305643,0.8626037943762098,0.5050122386891376,0.8651217058464898,0.6017011504962843,0.018705088777558037,0.014480485656012,2.162243140219622e-08,0.8105371466027546,0.06315634676424939,1.7981489279442506e-06,0.5081998080455559,0.04901218556108675,1.0,1.0,1.0,0.04738232312861879,0.03710486853915386,0.6137074098570626,0.46451637111946076,0.8440930611555978,0.5474259001580651,0.0,0.07870687758994245,0.21697852876938875,0.7349441991449915,0.13871747454982444,0.11654210693226516,0.4394131166092163,0.19558566827458432,0.14992042448521573,0.22664780036388538,0.24518590766881268,0.4594766494940828,0.1473642550110586,0.4131094260617724,0.47093606668450544,0.3233004785064232,0.49583849732282753,0.6146515232894648,0.3776661858655379,0.5,0,0.7882122547408275,0.030737102068595146,0.08290894858729966,0.8863539493441052,0.06980568835786238,0.000560731904613046,0.01297378294917495
2020-06-01,0.562139703405277,0.3299765597081597,0.7797059669014568,0.5396459987780665,0.10875454189755049,0.041887710952376485,0.5189499397834153,0.30411221914987313,0.7654074176444319,0.5372346527582037,0.04026713339302721,0.027978433233334408,0.1837540205011797,0.9613122730604747,0.034131340411490345,0.12375735179767783,0.5916303965496301,0.027594943966529662,1.0,1.0,1.0,0.04489882061917885,0.033549494611786815,0.475340682495672,0.36972077341679094,0.8670157004036813,0.5643840681394043,0.0,0.04738232312861879,0.6137074098570626,0.8440930611555978,0.07870687758994245,0.21697852876938875,0.7349441991449915,0.13871747454982444,0.11654210693226516,0.4394131166092163,0.19558566827458432,0.13340009092517996,0.22664780036388538,0.24518590766881268,0.41841872851548584,0.1473642550110586,0.4131094260617724,0.3676666745368548,0.33966714558951844,0.5,0,0.7910316406842228,0.029045698128666406,0.06403911818380319,0.9069151836875304,0.022232044760983283,0.0008229843816451414,0.01648580785195719
2020-07-01,0.39731757713730015,0.232996999344096,0.6277072478209782,0.44857585609351197,0.13438861514373818,0.061072794787987154,0.39771567045194134,0.23390563120124874,0.6431325705456908,0.46745777773824865,0.050726952188855604,0.03664505849993886,0.920388815380484,0.7480935090361079,0.0044175235818539405,0.6148967777368033,0.4579927064710299,0.003719115254491093,1.0,1.0,1.0,0.03498139210803972,0.025552554329072465,0.8145382576212336,0.6622967813341984,0.692438292799808,0.45502346329048443,0.0,0.04489882061917885,0.475340682495672,0.8670157004036813,0.04738232312861879,0.6137074098570626,0.8440930611555978,0.07870687758994245,0.21697852876938875,0.7349441991449915,0.13871747454982444,0.10369986420969177,0.4394131166092163,0.19558566827458432,0.12147972370352811,0.22664780036388538,0.24518590766881268,0.3266656205804873,0.15482437914343417,0.5,0,0.6521016758038487,0.026190054237859656,0.12700016000446124,0.8468097857576791,0.0,0.0012658481366630472,0.028157974991268375
2020-08-01,0.43503532150772634,0.2562280844123357,0.3686669359475681,0.2675678863869718,0.3537318770295944,0.2250866973897325,0.4362459957190153,0.2578121398630966,0.3803670437030402,0.2803965284420393,0.2788147962132691,0.2068922937277265,0.5871324907710403,0.7453551862357075,0.021015072936495172,0.398740347363265,0.4586767509348485,0.016103958878401547,1.0,1.0,1.0,0.18906983599997051,0.14015875781817427,0.6494754806989281,0.5270989771606458,0.549163772829897,0.366554998623704,0.0,0.03498139210803972,0.8145382576212336,0.692438292799808,0.04489882061917885,0.475340682495672,0.8670157004036813,0.04738232312861879,0.6137074098570626,0.8440930611555978,0.07870687758994245,0.19306879343516414,0.7349441991449915,0.13871747454982444,0.0944334502691775,0.4394131166092163,0.19558566827458432,0.09484099689407295,0.2381215510703751,0.5,0,0.5842855773698883,0.15332810429791807,0.10968714948137412,0.7369847462207079,0.014383830969067701,0.0012467957024250229,0.0464839946339759
2020-09-01,0.057992639445389106,0.036362325505283045,0.2725899058271805,0.20398438980186437,0.6490620757418454,0.46837507891082236,0.054986274519364386,0.03394441364688305,0.2870652861752556,0.2176876027119642,0.5766275587670077,0.45238368241448307,0.6030015535509688,0.662608266155337,0.1508646042777547,0.40109585720778057,0.41286298891041184,0.11986298352768943,1.0,1.0,1.0,0.45054992410602773,0.3538987755396747,0.3873900864614461,0.32289633607134766,0.4566569023527404,0.3106387062198236,0.0,0.18906983599997051,0.6494754806989281,0.549163772829897,0.03498139210803972,0.8145382576212336,0.692438292799808,0.04489882061917885,0.475340682495672,0.8670157004036813,0.04738232312861879,0.5460805261024475,0.8440930611555978,0.07870687758994245,0.17581654944622102,0.7349441991449915,0.13871747454982444,0.07372557568152868,0.4616578352830412,0.5,0,0.6261916287814151,0.3475159554457461,0.062226274782108126,0.5902577697721458,0.0729709846594635,0.0015221137231832393,0.06792837876256819
2020-10-01,0.06545816493308752,0.04494843792738671,0.1562882050587605,0.11706744258138618,1.0,0.8267642302363934,0.06402997664474165,0.04417029190847826,0.16820426136877606,0.1281688250024623,0.950257328948913,0.8220246880907831,0.48829635683160133,0.38720561195086806,0.43881115760075873,0.33911007592120657,0.25420428120008276,0.35656042097418994,1.0,1.0,1.0,0.8482823993653816,0.7211450469153717,0.3275751752709819,0.2872266269209892,0.2522634041749254,0.1776304865878209,0.0,0.45054992410602773,0.3873900864614461,0.4566569023527404,0.18906983599997051,0.6494754806989281,0.549163772829897,0.03498139210803972,0.8145382576212336,0.692438292799808,0.04489882061917885,0.4229609840226468,0.8670157004036813,0.04738232312861879,0.4972838546864963,0.8440930611555978,0.07870687758994245,0.1372625514085804,0.7721497952753391,0.5,0,0.6712651011969488,0.6216078690556454,0.04998969662613977,0.32840243431821486,0.1587024635742995,0.0020655663818054826,0.11094260571729975
2020-11-01,0.0039768230682400004,0.003393111152495759,0.08999775857807098,0.06764149358815466,0.9565484178441634,0.7970460284982793,0.0,0.0,0.09514540679826931,0.07275637964423297,0.8876301597576556,0.7772527548155855,0.2985258863840372,0.2508482946533057,0.7824075100700169,0.21423621162928824,0.17638054487636823,0.6588638029786205,1.0,0.0,1.0,1.0,0.8634607898471481,0.1724166228665878,0.15579112039934728,0.14339229453097413,0.10692458808255192,0.0,0.8482823993653816,0.3275751752709819,0.2522634041749254,0.45054992410602773,0.3873900864614461,0.4566569023527404,0.18906983599997051,0.6494754806989281,0.549163772829897,0.03498139210803972,0.7247810163412765,0.692438292799808,0.04489882061917885,0.3851660303984473,0.8670157004036813,0.04738232312861879,0.38823677795724915,0.8868241767509307,0.5,0,0.6385355151568035,0.7603657644404193,0.02730204387926582,0.2123321916803149,0.1763906766647798,0.0024011932241336208,0.17500414335900416
2020-12-01,0.0017802179808140933,0.001376320253571744,0.010419559805356918,0.007713807950588974,0.8918001638087034,0.7895356747017827,0.0,0.0,0.0054876542146933445,0.004205794279791852,0.7764065553613079,0.7193496469523389,0.07889904253170166,0.1076616332172697,0.7557661247438158,0.05945187816730402,0.0775437361706462,0.6638287118081917,1.0,0.0,1.0,0.9145243573780689,0.8296613411880995,0.04556893772974246,0.04323319206681149,0.022081610831436872,0.01799379190132868,0.0,1.0,0.1724166228665878,0.14339229453097413,0.8482823993653816,0.3275751752709819,0.2522634041749254,0.45054992410602773,0.3873900864614461,0.4566569023527404,0.18906983599997051,0.5779071695962008,0.549163772829897,0.03498139210803972,0.660016023977697,0.692438292799808,0.04489882061917885,0.30070475285136516,0.910907244857556,0.5,0,0.44011673820238945,0.9009577283716941,0.009349136794794724,0.0896931348335112,0.23440687778933222,0.002967980671714457,0.2462563978432537
2021-01-01,0.0016062832994118291,0.0011874343600783133,0.0,0.0,0.720227232628275,0.657327367385202,0.0,0.0,0.0,0.0,0.617408645014535,0.5955917907332666,0.021914325817402547,0.09129946853227174,0.8638120310759908,0.02048302143924944,0.06865395478978778,0.7998795452520913,1.0,0.0,1.0,0.873772815429236,0.8282174587271134,0.012656843394645205,0.014895351377821435,0.010788158964310374,0.0109260072226472,0.0,0.9145243573780689,0.04556893772974246,0.022081610831436872,1.0,0.1724166228665878,0.14339229453097413,0.8482823993653816,0.3275751752709819,0.2522634041749254,0.45054992410602773,0.34470201731963757,0.4566569023527404,0.18906983599997051,0.5262665325184052,0.549163772829897,0.03498139210803972,0.5152841624242941,0.7274920825937383,0.5,0,0.3970563190044785,0.9198274071632543,0.0027747681114687786,0.07739782472527694,0.28833001609171127,0.005830455813830121,0.3128605475267414
2021-02-01,0.0015088006318852683,0.0011563670794572903,0.16139945654637822,0.13128184736356593,0.3004150509373258,0.2730260616298495,0.0,0.0,0.16109407406113938,0.13546839573421038,0.1576429701342916,0.16201634707568227,0.027166174155758203,0.0030593485282255184,0.6812125049371884,0.018327440938712723,0.0026617320610509234,0.6726320646205588,1.0,0.0,1.0,0.4800529875446241,0.4823295009910767,0.015690101045327046,0.01332783049203351,0.0528457118806262,0.03764071941730935,0.0,0.873772815429236,0.012656843394645205,0.010788158964310374,0.9145243573780689,0.04556893772974246,0.022081610831436872,1.0,0.1724166228665878,0.14339229453097413,0.8482823993653816,0.29147835137226447,0.2522634041749254,0.45054992410602773,0.3139001295548168,0.4566569023527404,0.18906983599997051,0.41086397840220834,0.5769644760194684,0.5,0,0.1802965623974241,0.7716740789486057,0.005252474437397807,0.2230734466139965,0.3637653208902334,0.001721939445213547,0.15726458150674616
2021-03-01,0.0025653333559621295,0.0022190260830335777,0.7847296605590973,0.6417338037287306,0.1409323638395057,0.11673122228821303,0.0,0.0,0.7815069179963674,0.6493674304865104,0.05580152737052833,0.06038238576429048,0.091945463112713,0.028843026516992696,0.9224225602769862,0.07310540910324864,0.02618469222425921,0.941095683826973,1.0,0.25,1.0,0.5498090403786968,0.5696029275000273,0.0,0.0,0.4009650413909566,0.2951704723872323,0.0,0.4800529875446241,0.015690101045327046,0.0528457118806262,0.873772815429236,0.012656843394645205,0.010788158964310374,0.9145243573780689,0.04556893772974246,0.022081610831436872,1.0,0.15341734287634332,0.14339229453097413,0.8482823993653816,0.2654324247059339,0.2522634041749254,0.45054992410602773,0.24506642182371752,0.47977456529754287,0.5,0,0.5813511038209684,0.4474838285908578,0.0,0.5525161714091422,0.4052228331226988,0.017545818376980472,0.15258083290127433
2021-04-01,0.12593776601424406,0.10938647749099836,0.9999999999999999,0.8515085765963485,0.07454162763290861,0.04809835460999342,0.06420306885169168,0.05510960899931273,1.0,0.8656007107265206,0.009781432195072609,0.011458998309661463,0.03407926098294557,0.4642271142855783,0.2784974769528112,0.025973413356530143,0.41923095519872383,0.29889870330613627,1.0,0.5,1.0,0.1617255423222831,0.17622828323380654,0.09135572607758055,0.10138062849632942,0.74060549549703,0.6220446947034916,0.0,0.5498090403786968,0.0,0.4009650413909566,0.4800529875446241,0.015690101045327046,0.0528457118806262,0.873772815429236,0.012656843394645205,0.010788158964310374,0.9145243573780689,0.04054751350514602,0.022081610831436872,1.0,0.13970827377022255,0.14339229453097413,0.8482823993653816,0.20722697582486033,0.2650339115755115,0.5,0,0.6857338658895047,0.11663950968833003,0.0137213333202009,0.8696391569914691,0.47640754802251917,0.004988138723034699,0.30968500547092237
2021-05-01,0.3324743099099667,0.29720373501386926,0.9048404783425232,0.8347405346403477,0.06634129166796099,0.04236290532962227,0.2749011424085659,0.2460214429578082,0.8720643071379691,0.8174564622561901,0.004527249685658039,0.005211480068295304,0.02183220210059022,0.8446262472762767,0.031155314115660616,0.016641746383461466,0.7307590965382254,0.03944510974187035,1.0,0.75,1.0,0.020545008222241323,0.025846206032249255,0.39116188545914327,0.45258547399506144,0.8651973422215576,0.7768426446621186,0.0,0.1617255423222831,0.09135572607758055,0.74060549549703,0.5498090403786968,0.0,0.4009650413909566,0.4800529875446241,0.015690101045327046,0.0528457118806262,0.873772815429236,0.011262134999077036,0.010788158964310374,0.9145243573780689,0.036924268216825186,0.022081610831436872,1.0,0.10907229251734914,0.15065134331961658,0.5,0,0.7614733365564024,0.013686691232185173,0.054267792128254035,0.9320455166395608,0.6996865506959542,0.005581589009442233,0.40032988828451055
2021-06-01,0.17128277998322802,0.15758979344534307,0.6529578860416593,0.6257793233816182,0.048078867094110835,0.02171572206866358,0.12764014373966934,0.11733962464968291,0.6075117801907055,0.5877697047749926,0.002341435409190023,0.0028052534346318233,0.04973158381632798,0.952641832129347,0.006553086244455963,0.048861835696074635,0.8744252988109861,0.008094356262325587,1.0,1.0,1.0,0.0054461400227227156,0.006631147969014007,0.11953373221976209,0.14346224055427534,0.7773455361089707,0.7496701993058419,0.0,0.020545008222241323,0.39116188545914327,0.8651973422215576,0.1617255423222831,0.09135572607758055,0.74060549549703,0.5498090403786968,0.0,0.4009650413909566,0.4800529875446241,0.013961145809577765,0.0528457118806262,0.873772815429236,0.010255772979697963,0.010788158964310374,0.9145243573780689,0.028827316201461926,0.023199463718033865,0.5,0,0.6239723462859055,0.0042115936355455064,0.019250482043369894,0.9765379243210845,0.6460506341852679,0.006123086506318754,0.5024766940699483
2021-07-01,0.28585056025840333,0.2528149795260064,0.5193471602897233,0.48971324999098803,0.05000053745447654,0.020089759796640662,0.2804990906564339,0.24778545464270482,0.4954911487605335,0.47262337870877735,0.004427296493494925,0.005321454154299505,0.3967529885056476,0.7201679211721711,0.004928988402518883,0.36020558154327054,0.6826793404487996,0.006309279614159831,1.0,1.0,1.0,0.005865576155891,0.007214204820716863,0.42871232472187853,0.4898541686169068,0.5985016165802548,0.5856182883831018,0.0,0.0054461400227227156,0.11953373221976209,0.7773455361089707,0.020545008222241323,0.39116188545914327,0.8651973422215576,0.1617255423222831,0.09135572607758055,0.74060549549703,0.5498090403786968,0.0,0.4009650413909566,0.4800529875446241,0.012713605543817872,0.0528457118806262,0.873772815429236,0.008006831952364762,0.011334295508939302,0.5,0,0.48336698702457676,0.005428717204781639,0.08263156561326179,0.9119397171819565,0.6624110922157485,0.005400755453694523,0.520356671653023
2021-08-01,0.6167386184818962,0.5519753772142239,0.39507141394614786,0.3953167797276799,0.08736746326934776,0.06445306852547769,0.6155158879142634,0.5523949262045202,0.38750954190332754,0.39510605616021294,0.047423458061652296,0.05398523223774893,0.08222889696763988,0.8243805847813989,0.0017270055148143964,0.09087617265731446,0.7881145589734703,0.0024729979382551066,1.0,1.0,1.0,0.03138420362917449,0.035810293069481386,0.48540656049771175,0.5741825112024006,0.593254189978691,0.6089264625948154,0.0,0.005865576155891,0.42871232472187853,0.5985016165802548,0.0054461400227227156,0.11953373221976209,0.7773455361089707,0.020545008222241323,0.39116188545914327,0.8651973422215576,0.1617255423222831,0.08128887179402883,0.74060549549703,0.5498090403786968,0.0,0.4009650413909566,0.4800529875446241,0.009925697780119995,0.05552095745129491,0.5,0,0.5026630673924855,0.028282816914577767,0.09109838178531827,0.880618801300104,0.5445161021092844,0.00590610136955164,0.5933708037665169
2021-09-01,0.31618435843514,0.29081451169595707,0.296788171655355,0.31034220525687173,0.15501201459333322,0.1403639723934147,0.3123280658042937,0.28816463537318604,0.29595536128794664,0.3128964128629381,0.1022172612600485,0.11561560499794123,0.31504962833697664,0.5428912453737428,0.021412904833955814,0.3374020334020037,0.5282330370565138,0.02556915669587059,1.0,1.0,1.0,0.07714992218871239,0.08780318724442397,0.40416874680547393,0.5104127447163473,0.40050615044829446,0.4216618711181393,0.0,0.03138420362917449,0.48540656049771175,0.593254189978691,0.005865576155891,0.42871232472187853,0.5985016165802548,0.0054461400227227156,0.11953373221976209,0.7773455361089707,0.020545008222241323,0.348058186640609,0.8651973422215576,0.1617255423222831,0.07402505963244581,0.74060549549703,0.5498090403786968,0.0,0.4212633761621342,0.5,0,0.32401947346074017,0.09190349590061966,0.10026578045766274,0.8078307236417176,0.5406116507891536,0.006909710598504813,0.6226853843588112
2021-10-01,0.005446895753846198,0.005693048907972325,0.2118521815845376,0.22708191474671385,0.908306032741662,0.94082027059037,0.0,0.0,0.22565518171599128,0.2443601825390688,0.8491958280232229,0.9231247217851914,0.554481418107535,0.3015456798066113,0.09981547371174683,0.5777460806279453,0.29756895356754015,0.11930738716143306,1.0,0.0,1.0,0.5951844198350128,0.6511490448988885,0.3202463058306851,0.42013258744432735,0.23967242575511727,0.25755547705649257,0.0,0.07714992218871239,0.40416874680547393,0.40050615044829446,0.03138420362917449,0.48540656049771175,0.593254189978691,0.005865576155891,0.42871232472187853,0.5985016165802548,0.0054461400227227156,0.10636183029427627,0.7773455361089707,0.020545008222241323,0.3169563982498849,0.8651973422215576,0.1617255423222831,0.057792446645813865,0.7780976874068847,0.5,0,0.48999738032004597,0.545790391528859,0.061157810915465016,0.39305179755567593,0.48218208672771423,0.007524999717399157,0.6324274627967499
2021-11-01,0.002292367856776053,0.002347752571824555,0.1716298951934549,0.1801946564624591,0.8910132985945911,0.9181782700100687,0.0,0.0,0.19057383416973284,0.20253375610539306,0.7945201906151075,0.8642703723253763,0.5787015443934673,0.34327354869287374,0.4296321166560901,0.6150943698080829,0.33397284894870116,0.520617354912272,1.0,0.0,1.0,0.744271894341275,0.840441327334731,0.3342348825420009,0.4472919643841986,0.2419749451136704,0.2584484274661308,0.0,0.5951844198350128,0.3202463058306851,0.23967242575511727,0.07714992218871239,0.40416874680547393,0.40050615044829446,0.03138420362917449,0.48540656049771175,0.593254189978691,0.005865576155891,0.3814707922220674,0.5985016165802548,0.0054461400227227156,0.09685754835052633,0.7773455361089707,0.020545008222241323,0.2474524954908244,0.908996834652676,0.5,0,0.5928588652210907,0.5972940361819548,0.05586011224315522,0.34684585157489006,0.5288445354081208,0.007855666979847404,0.6237383192132453
2021-12-01,0.0011275867734227866,0.0009311556862572098,0.17080784702582086,0.177034269561652,0.6157827545018142,0.6316571980858099,0.0,0.0,0.17787600366068726,0.18808916730365052,0.4620998588792552,0.5115749952126653,0.20307786732070354,0.1935666790924908,0.7514442884905287,0.209647832971035,0.19821580492148144,0.9140410717391578,1.0,0.0,0.0,0.7125271409384756,0.8395405153890884,0.11728966271584387,0.15245448816644078,0.15889920554649828,0.17416329749744275,0.0,0.744271894341275,0.3342348825420009,0.2419749451136704,0.5951844198350128,0.3202463058306851,0.23967242575511727,0.07714992218871239,0.40416874680547393,0.40050615044829446,0.03138420362917449,0.4319176625094148,0.593254189978691,0.005865576155891,0.34738331974671566,0.5985016165802548,0.0054461400227227156,0.07561810450522946,0.8166976448865422,0.5,0,0.4567806269977143,0.6849501502613523,0.023480685004958736,0.29156916473368893,0.5938902891244742,0.007373257793956983,0.6352834453839562
2022-01-01,0.00045101245470916657,0.00027300398639337607,0.15720943631968465,0.16407809783333585,0.5051930960800791,0.5279781460166602,0.0,0.0,0.1678229743458653,0.1777970316070921,0.4090490437211052,0.4643678089865891,0.07358292752223392,0.20260113220617004,0.802122161137238,0.0783668484902947,0.20260498218805217,0.9790145220701745,1.0,0.0,1.0,0.7070820499487516,0.8463703469001558,0.042498562218971074,0.05698800708205414,0.1580707353512147,0.17177747788739983,0.0,0.7125271409384756,0.11728966271584387,0.15889920554649828,0.744271894341275,0.3342348825420009,0.2419749451136704,0.5951844198350128,0.3202463058306851,0.23967242575511727,0.07714992218871239,0.3596317697078237,0.40050615044829446,0.03138420362917449,0.3933223578816435,0.593254189978691,0.005865576155891,0.27120723808654956,0.6287999840695833,0.5,0,0.442032397045056,0.6946100848571268,0.008694387276519357,0.2966955278663538,0.6187345446981678,0.00788933708077791,0.6225875769618181
2022-02-01,0.0008777595893237293,0.0007395794660994268,0.380251382541222,0.3910408573534017,0.27600503152456063,0.2947219224391808,0.0,0.0,0.370461205148911,0.38633686113959237,0.1881743270025358,0.22811362808125835,0.14614788773814374,0.11813018457778521,0.41248812982923094,0.11772981895775912,0.1166784239169909,0.5083326493457656,1.0,0.2,1.0,0.34968038425830955,0.4313818954270507,0.0,0.0,0.2244790560416437,0.22183412306185812,0.0,0.7070820499487516,0.042498562218971074,0.1580707353512147,0.7125271409384756,0.11728966271584387,0.15889920554649828,0.744271894341275,0.3342348825420009,0.2419749451136704,0.5951844198350128,0.2849570794837182,0.23967242575511727,0.07714992218871239,0.3274957889168195,0.40050615044829446,0.03138420362917449,0.30707251700095045,0.6232869133074306,0.5,0,0.26799454159895186,0.4633174391426607,0.0,0.5366825608573393,0.6673495570882679,0.017545818376980472,0.5084988018306866
2022-03-01,0.0007140509241675704,0.0007422742106450112,0.7445623394453527,0.8144830536913618,0.22922395501123907,0.252687905395973,0.0,0.0,0.7290675043277336,0.8123750934859018,0.1519207175165171,0.1915507449485909,0.091945463112713,0.26195523923849706,0.3674196856404251,0.07310540910324864,0.27326578374916105,0.46220041934620587,1.0,0.4,1.0,0.301542198213864,0.38223329145857393,0.0,0.0,0.49133365709285526,0.5135158482042089,0.0,0.34968038425830955,0.0,0.2244790560416437,0.7070820499487516,0.042498562218971074,0.1580707353512147,0.7125271409384756,0.11728966271584387,0.15889920554649828,0.744271894341275,0.29740419875789953,0.2419749451136704,0.5951844198350128,0.2594938807235276,0.23967242575511727,0.07714992218871239,0.2556807519194249,0.4207812544611364,0.5,0,0.5099006244606294,0.26908931101140565,0.0,0.7309106889885943,0.712373720385397,0.017545818376980472,0.6172846379205943
2022-04-01,0.0016811653921672879,0.0020591461503088036,0.6843408189784719,0.8327234890016482,0.2536530686694724,0.3026857926070532,0.0,0.0,0.6473573165845556,0.8036210229973857,0.15425672267295176,0.20209241019535765,0.03407926098294557,0.5763437928266134,0.21032773429039395,0.025973413356530143,0.6298808236868273,0.27477493568105466,1.0,0.6000000000000001,1.0,0.21547807090828783,0.2831158737362278,0.0,0.0,0.607277337770924,0.7127385883346884,0.0,0.301542198213864,0.0,0.49133365709285526,0.34968038425830955,0.0,0.2244790560416437,0.7070820499487516,0.042498562218971074,0.1580707353512147,0.7125271409384756,0.1043650438197647,0.15889920554649828,0.744271894341275,0.2708287501366263,0.2419749451136704,0.5951844198350128,0.20259066768865439,0.25180553121618426,0.5,0,0.5719295220020506,0.177433158123812,0.0,0.822566841876188,0.7737814794939211,0.017545818376980472,0.818857703186779
2022-05-01,0.07444886637011881,0.07338915177837144,0.6157778608068705,0.7883077456181333,0.15031491145081205,0.16067511803381468,0.06805351718488686,0.06616715276225842,0.5555624552760762,0.7220388892679128,0.06333251001401995,0.08052814355239099,0.02183220210059022,0.7127806689147115,0.2240550412266648,0.016641746383461466,0.7749917093718587,0.31763294835633193,1.0,0.8,1.0,0.16539031110926236,0.23046154000867136,0.09683459974350793,0.12172228499995442,0.6271761107352014,0.7567433105755531,0.0,0.21547807090828783,0.0,0.607277337770924,0.301542198213864,0.0,0.49133365709285526,0.34968038425830955,0.0,0.2244790560416437,0.7070820499487516,0.037815475000600965,0.1580707353512147,0.7125271409384756,0.09503919075019562,0.15889920554649828,0.744271894341275,0.21143996600798534,0.2542246126286135,0.5,0,0.5725577773924524,0.1360824416576573,0.016592661835155256,0.8473248965071875,0.8792767133506905,0.0068362024836924554,0.8703249460799558
2022-06-01,0.10353835558953337,0.1178862539602307,0.5924516972805823,0.7707432736529128,0.12810415049144733,0.1359154099107004,0.09479553178314229,0.1060812347229985,0.5560285058834477,0.7349053224246023,0.030249913188742768,0.039133895842799235,1.3213708079119913e-08,0.6619497516542386,0.09965015375287146,0.0,0.7501889383632561,0.1530584874872059,1.0,1.0,1.0,0.07505146918837796,0.11141138105049773,0.06744316427095018,0.09757473638695532,0.6015484540531326,0.7487099060177536,0.0,0.16539031110926236,0.09683459974350793,0.6271761107352014,0.21547807090828783,0.0,0.607277337770924,0.301542198213864,0.0,0.49133365709285526,0.34968038425830955,0.0,0.2244790560416437,0.7070820499487516,0.03443635924781498,0.1580707353512147,0.7125271409384756,0.07419848613380349,0.16694327157746205,0.5,0,0.482492321700244,0.06954690350635427,0.013015174932954801,0.9174379215606909,1.0,0.009217312677607429,0.9269348202959877
2022-07-01,0.18856307093755587,0.21038705081006215,0.4562262821682039,0.5930635201526381,0.14449966386682755,0.15455820997505165,0.18213054565489803,0.20284658083433096,0.445253054227257,0.5898582926773841,0.06126291431828438,0.07912809613031796,0.08383075876068591,0.637612153217814,0.048910949660855706,0.102132704751528,0.7614902409810393,0.07469239520403519,1.0,1.0,1.0,0.06646809473522912,0.09246342415019958,0.1779957494443458,0.26085045784070565,0.5293443117228169,0.6862543326009186,0.0,0.07505146918837796,0.06744316427095018,0.6015484540531326,0.16539031110926236,0.09683459974350793,0.6271761107352014,0.21547807090828783,0.0,0.607277337770924,0.301542198213864,0.0,0.49133365709285526,0.34968038425830955,0.0,0.2244790560416437,0.7070820499487516,0.026884969284551866,0.16607286115388956,0.5,0,0.41797396911568735,0.06771622857502389,0.03776440400425702,0.8945193674207191,0.8761659326574682,0.009452178827189133,1.0
2022-08-01,0.12158148647998203,0.12711427950979517,0.36904427422399777,0.47721209566576817,0.23178957845140297,0.26917832435365546,0.11707176744208725,0.12165366519201493,0.3719001319589423,0.48778991150768697,0.1447266545707612,0.18758513457407122,0.11869813064291633,0.5711927343507863,0.03678548842461313,0.15533290473564007,0.6739767491703851,0.05396833786301956,1.0,1.0,1.0,0.11271107237822717,0.14932461830046126,0.15184708425098503,0.22485524302887233,0.4559215666286643,0.5878595803123946,0.0,0.06646809473522912,0.1779957494443458,0.5293443117228169,0.07505146918837796,0.06744316427095018,0.6015484540531326,0.16539031110926236,0.09683459974350793,0.6271761107352014,0.21547807090828783,0.0,0.607277337770924,0.301542198213864,0.0,0.49133365709285526,0.34968038425830955,0.0,0.23584301688183182,0.5,0,0.36963279176583813,0.12406902750122004,0.034809415012667086,0.8411215574861128,0.7883010285862306,0.009644335593502659,0.9815118546456962
2022-09-01,0.5298639998862497,0.5383876301169225,0.09048312872750973,0.30399269773468995,0.13632387409493538,0.139379918847487,0.5239866792138201,0.5343479867134084,0.21999466443690244,0.2838865064566064,0.06535762967348124,0.08423453904032374,0.20960123475012724,0.5100332002442022,0.14895266993765294,0.2673968116887647,0.5961638156936573,0.2180861509178118,1.0,1.0,1.0,0.12482165200063727,0.17662124212404526,0.4938524346995817,0.685947169623243,0.34276227735591863,0.44662307377787547,0.0,0.11271107237822717,0.15184708425098503,0.4559215666286643,0.06646809473522912,0.1779957494443458,0.5293443117228169,0.07505146918837796,0.06744316427095018,0.6015484540531326,0.16539031110926236,0.08616400637100144,0.6271761107352014,0.21547807090828783,0.0,0.607277337770924,0.301542198213864,0.0,0.5162067857362409,0.5,0,0.3086553486007883,0.1529247565827903,0.12600232026672806,0.7210729231504817,0.9078553399396054,0.008492054451871024,0.9834605941883177
2022-10-01,1.0,1.0,0.24655727515735712,0.3117148371618699,0.8636105465157965,0.9999999999999999,1.0,1.0,0.2621664936883008,0.3357125382259064,0.8315876477994071,0.9999999999999999,0.08692216582810547,0.25567923020164074,0.09962440045693252,0.11027450808956503,0.2902612143960798,0.13895427878004246,1.0,1.0,1.0,0.5838965215673881,0.7108317863653747,0.7616619579962929,1.0,0.23603496062940582,0.29678236113622747,0.0,0.12482165200063727,0.4938524346995817,0.34276227735591863,0.11271107237822717,0.15184708425098503,0.4559215666286643,0.06646809473522912,0.1779957494443458,0.5293443117228169,0.07505146918837796,0.06001133119065993,0.6015484540531326,0.16539031110926236,0.07846456186457182,0.6271761107352014,0.21547807090828783,0.0,0.638019964754718,0.5,0,0.5395827420266566,0.5009856994014685,0.136095942480243,0.3629183581182885,0.6457942275571391,0.007537721628149826,0.8879439649690166
2022-11-01,0.4163770557300662,0.4157326697554458,0.16378018683946016,0.20713654247691302,0.8357566761390987,0.9571745917435449,0.4151638524961847,0.41423248652939304,0.17501421411677132,0.22455435529242038,0.7815635017389497,0.9286306770879141,0.6639527851813819,0.2319910002315768,0.4257063571214134,0.783443344034826,0.25631952807105773,0.5810979594090798,1.0,1.0,1.0,0.733856405970468,0.9152592526749913,0.6788447273228618,0.9507287593849915,0.17691677111911158,0.22462227281926628,0.0,0.5838965215673881,0.7616619579962929,0.23603496062940582,0.12482165200063727,0.4938524346995817,0.34276227735591863,0.11271107237822717,0.15184708425098503,0.4559215666286643,0.06646809473522912,0.1583816830942394,0.5293443117228169,0.07505146918837796,0.05464883780484914,0.6015484540531326,0.16539031110926236,0.06125843096461146,0.6589260872718725,0.5,0,0.5666874319685866,0.6082574065020881,0.11717642315698602,0.2745661703409258,0.6853135614251173,0.008636834852312507,0.8761884017548149
2022-12-01,0.0011462794782867163,0.0011121523054990093,0.11890041549853048,0.15125198033424808,0.6755621487353337,0.7957266228729921,0.0,0.0,0.1137296236517806,0.14593556955933468,0.5764955931131243,0.7111022207381231,0.8763751550151246,0.23451896423301527,0.7212311398705104,1.0,0.2548162733210897,0.9748762677410755,1.0,0.0,1.0,0.7683320302355858,1.0,0.5061592601425414,0.7271922577079537,0.14511317761394232,0.18641914182223324,0.0,0.733856405970468,0.6788447273228618,0.17691677111911158,0.5838965215673881,0.7616619579962929,0.23603496062940582,0.12482165200063727,0.4938524346995817,0.34276227735591863,0.11271107237822717,0.13511444431510689,0.4559215666286643,0.06646809473522912,0.144229010404342,0.5293443117228169,0.07505146918837796,0.042665146894500766,0.6320010637347562,0.5,0,0.5330808945142047,0.6648416683331116,0.09121157403112173,0.24394675763576665,0.7573680470054147,0.009090787138509053,0.8721972603903825
