Year,Country,Trade_Value,Tariff_Rate,Tariff_Revenue_Actual,Trade_Value_Pred,Tariff_Revenue_Pred
2022,Afghanistan,1251843,0.14982456140350878,187556.82842105263,1231033.9379837748,184439.11983125328
2023,Afghanistan,1057191,0.14982456140350878,158393.17789473684,1101310.9760650739,165003.43395781986
2024,Afghanistan,1271428,0.14982456140350878,190491.14245614037,1301684.0739628435,195024.24546741552
2022,Albania,7138843,0.14371621621621622,1025967.5041216216,6090590.108469272,875316.5649131177
2023,Albania,3350897,0.14371621621621622,481578.23777027027,3350667.8690645252,481545.3079392058
2024,Albania,4863775,0.14371621621621622,699003.3395270271,4821014.257111321,692857.9273564717
2022,Algeria,105963986,0.14801724137931035,15684496.893275863,92508260.3396296,13692817.50027104
2023,Algeria,107185655,0.14801724137931035,15865324.968534485,112396503.5554507,16636620.39695766
2024,Algeria,79250335,0.14801724137931035,11730415.965086207,90874340.69504382,13450969.221843986
2022,Andorra,179348,0.17273809523809525,30980.231904761906,165483.65624096978,28585.33157210085
2023,Andorra,80895,0.17273809523809525,13973.648214285715,88496.44341935107,15286.707071604573
2024,Andorra,78356,0.17273809523809525,13535.066190476191,87892.23586082099,15182.337408815627
2022,Angola,28247764,0.18766666666666668,5301163.710666667,28872413.42403258,5418389.585910114
2023,Angola,34573646,0.18766666666666668,6488320.899333334,32973440.18456476,6188015.607969987
2024,Angola,43268226,0.18766666666666668,8120003.746,40363844.77186075,7574948.202185867
2022,Anguilla,84545,0.19337837837837837,16349.175,80883.02412225842,15641.028043101593
2023,Anguilla,66942,0.19337837837837837,12945.135405405405,65640.99939588598,12693.550018312546
2024,Anguilla,106707,0.19337837837837837,20634.82662162162,106766.68586615933,20646.36857763162
2022,Antigua and Barbuda,296691,0.16952830188679244,50297.521415094336,303594.12496510864,51467.796468141525
2023,Antigua and Barbuda,457994,0.16952830188679244,77642.94509433962,427436.9547512709,72462.66110264469
2024,Antigua and Barbuda,283615,0.16952830188679244,48080.76933962264,280565.81233636796,47563.84573287294
2022,Argentina,355111567,0.1491263157894737,52956479.68093684,350918999.2207374,52331257.494317755
2023,Argentina,291880297,0.1491263157894737,43527033.34314737,307512672.7747342,45858231.9494701
2024,Argentina,318489320,0.1491263157894737,47495138.90989474,324448813.6104057,48383856.23598545
2022,Armenia,4458464,0.1469718309859155,655268.6174647888,4309085.727947769,633314.2193117602
2023,Armenia,6171052,0.1469718309859155,906970.8115492959,5644861.392049229,829635.614451179
2024,Armenia,7451396,0.1469718309859155,1095145.313521127,6390919.988754066,939285.2124316716
2022,Aruba,510696,0.18426829268292683,94105.08,492207.737827862,90698.27949486578
2023,Aruba,540576,0.18426829268292683,99611.01658536585,632125.0371179706,116480.6013518602
2024,Aruba,237957,0.18426829268292683,43847.93012195122,222822.29785627575,41059.08439766252
2022,Australia,419965498,0.00019587628865979381,82261.28311340207,391631744.5913893,76711.37265192161
2023,Australia,429601443,0.00019587628865979381,84148.73625773196,415980361.30141175,81480.68932708065
2024,Australia,375261312,0.00019587628865979381,73504.79307216495,384451856.2967391,75305.00277977364
2022,Austria,611301921,0.14965625000000002,91485153.11465625,553764659.3730391,82874342.3042964
2023,Austria,472526751,0.14965625000000002,70716581.57934377,461561796.807357,69075607.65345103
2024,Austria,392766155,0.14965625000000002,58779909.88421876,409401459.77789706,61269487.21488591
2022,Azerbaijan,11444686,0.17281818181818184,1977849.8260000004,8592736.402718274,1484981.0819606765
2023,Azerbaijan,2279860,0.17281818181818184,394001.26000000007,2346199.879835013,405465.9974151236
2024,Azerbaijan,4983135,0.17281818181818184,861176.3304545456,4875912.333339887,842646.3041526478
2022,Bahamas,47985761,0.16487878787878787,7911834.109121212,40817103.59974532,6729874.566248917
2023,Bahamas,49079936,0.16487878787878787,8092240.356848485,46085955.22946925,7598596.436470975
2024,Bahamas,46756256,0.16487878787878787,7709114.815030303,46369383.3863573,7645327.727429396
2022,Bahrain,134966816,0.0,0.0,117588727.86994846,0.0
2023,Bahrain,49865671,0.0,0.0,60941587.673779815,0.0
2024,Bahrain,68816831,0.0,0.0,74647484.64988996,0.0
2022,Bangladesh,664123201,0.1537294117647059,102095269.02902354,578551281.0718422,88940348.11489132
2023,Bangladesh,386074815,0.1537294117647059,59351054.207117654,415175957.37697434,63824755.70641087
2024,Bangladesh,414985206,0.1537294117647059,63795431.6094353,424506162.2834703,65259082.618330665
2022,Barbados,2264331,0.16558333333333333,374935.47475,2100902.1365813557,347874.3787822628
2023,Barbados,1953577,0.16558333333333333,323479.79158333334,1801310.0567774973,298266.92356807395
2024,Barbados,2047926,0.16558333333333333,339102.4135,1908402.32974438,315999.6191001736
2022,Belarus,15698615,0.15427272727272728,2421868.1504545454,18926309.181207262,2919813.3345917026
2023,Belarus,3444580,0.15427272727272728,531404.750909091,4092775.81929206,631403.6877580569
2024,Belarus,1194234,0.15427272727272728,184237.73618181818,1555122.9442464495,239913.05785329317
2022,Belgium,693220912,0.14864285714285713,103042336.99085714,626368615.1184309,93105220.57581818
2023,Belgium,475223263,0.14864285714285713,70638543.59307143,486788679.054278,72357660.07942517
2024,Belgium,424574614,0.14864285714285713,63109983.69528571,443073979.43121034,65859782.228310615
2022,Belize,4219837,0.15217741935483872,642163.9047580645,4083882.1490949043,621474.6463985553
2023,Belize,2367447,0.15217741935483872,360271.9749193549,2524374.313819155,384152.7685626408
2024,Belize,5246936,0.15217741935483872,798465.18,4884838.737461155,743362.1530313871
2022,Benin,240114,0.1386969696969697,33303.08418181819,268697.06564770895,37267.46877180497
2023,Benin,1301045,0.1386969696969697,180450.99893939396,1047887.0759081491,145338.76201307875
2024,Benin,4868462,0.1386969696969697,675240.9264848485,3574430.138635989,495762.62862233096
2022,Bermuda,310849,0.18552083333333333,57668.965520833335,318238.9164161309,59039.94897261762
2023,Bermuda,390536,0.18552083333333333,72452.56416666666,384339.3247185525,71302.95180455646
2024,Bermuda,448725,0.18552083333333333,83247.8359375,421125.4808865588,78127.55015197513
2022,Bhutan,24633,0.16318181818181818,4019.6577272727272,21792.171255104015,3556.0861275374277
2023,Bhutan,102903,0.16318181818181818,16791.898636363636,86386.25760288531,14096.666581561738
2024,Bhutan,268739,0.16318181818181818,43853.318636363634,220373.42638904753,35960.93639712185
2022,Bolivia,18874208,0.1583098591549296,2987973.2101408453,16115157.343342446,2551188.289284072
2023,Bolivia,10743348,0.1583098591549296,1700777.9087323945,11035133.133980494,1746970.3721963488
2024,Bolivia,11121959,0.1583098591549296,1760715.7628169016,11571345.797241136,1831858.1233942308
2022,Bosnia and Herzegovina,12571846,0.16874324324324325,2121414.067594595,11005776.199971734,1857150.3703925277
2023,Bosnia and Herzegovina,8210715,0.16874324324324325,1385502.678445946,9014432.09066796,1521124.5069752813
2024,Bosnia and Herzegovina,7025779,0.16874324324324325,1185552.7347702703,8267548.5150574725,1395092.9501016575
2022,Botswana,9104000,0.1647058823529412,1499482.3529411766,7298687.746652001,1202136.805330918
2023,Botswana,10818501,0.1647058823529412,1781870.7529411768,10863951.891802855,1789356.782179294
2024,Botswana,9890416,0.1647058823529412,1629009.6941176474,10371656.166145287,1708272.780306283
2022,Brazil,2346831564,0.14864285714285713,348839748.90599996,2159106745.4331675,320935795.5176015
2023,Brazil,1868193004,0.14864285714285713,277693545.80885714,1933223514.1028082,287359866.631996
2024,Brazil,1867708616,0.14864285714285713,277621544.9925714,2006101402.555852,298192644.19419485
2022,British Indian Ocean Territory,22189,0.22807692307692307,5060.798846153846,18491.5758683577,4217.501726898506
2023,British Indian Ocean Territory,17666,0.22807692307692307,4029.206923076923,15855.149817832353,3616.1937853748404
2024,British Indian Ocean Territory,10629,0.22807692307692307,2424.229615384615,9920.870490478846,2262.7216157130597
2022,British Virgin Islands,163537,0.18776315789473683,30706.223552631578,181271.59027039143,34036.12622576955
2023,British Virgin Islands,222195,0.18776315789473683,41720.03486842105,227524.93829521514,42720.800914114734
2024,British Virgin Islands,182988,0.18776315789473683,34358.4047368421,197351.65722359385,37055.37037606163
2022,Brunei,1445511,0.179625,259649.913375,1947156.7818273632,349758.03693574015
2023,Brunei,28492309,0.179625,5117931.004125,21496111.074242823,3861238.951710867
2024,Brunei,9710953,0.179625,1744329.9326250001,8703530.198540438,1563371.6119128263
2022,Bulgaria,70607285,0.15293406593406594,10798259.179615386,63062071.31451411,9644338.972352669
2023,Bulgaria,50329602,0.15293406593406594,7697110.6707032975,50879652.31729933,7781232.102196206
2024,Bulgaria,55541614,0.15293406593406594,8494204.85756044,55597837.901715204,8502803.407452423
2022,Burkina Faso,259451,0.13723076923076924,35604.66030769231,232489.4629783023,31904.70784256087
2023,Burkina Faso,112792,0.13723076923076924,15478.532923076924,121347.40553408203,16652.59780560018
2024,Burkina Faso,166370,0.13723076923076924,22831.083076923078,175512.0684275393,24085.656159594626
2022,Burundi,111095,0.11652173913043479,12944.982608695653,112503.9617778528,13109.157285419371
2023,Burundi,115576,0.11652173913043479,13467.116521739132,111700.03578180958,13015.482430228247
2024,Burundi,60114,0.11652173913043479,7004.587826086957,63641.336599068425,7415.599221108843
2022,Cabo Verde,394366,0.14748936170212767,58164.789617021284,380600.57707225013,56134.53617584762
2023,Cabo Verde,327920,0.14748936170212767,48364.7114893617,330988.91530078184,48817.343848191915
2024,Cabo Verde,189917,0.14748936170212767,28010.73710638298,212562.35203466282,31350.685623495378
2022,Cambodia,859617693,0.1556265060240964,133779298.07808433,735241018.5246143,114422990.79858366
2023,Cambodia,550234432,0.1556265060240964,85631062.14631325,560281430.8346694,87194641.47098102
2024,Cambodia,702430528,0.1556265060240964,109316808.7973012,640032597.5297099,99606036.89507547
2022,Cameroon,12039256,0.14284722222222224,1719774.2772222224,12011833.899629664,1715857.1063568208
2023,Cameroon,10794689,0.14284722222222224,1541991.338402778,11111803.750940587,1587290.2997003326
2024,Cameroon,11528829,0.14284722222222224,1646861.198125,11740624.72944123,1677115.6297542092
2022,Canada,10570497315,0.0,0.0,10126122459.263716,0.0
2023,Canada,9760760579,0.0,0.0,10012550944.057413,0.0
2024,Canada,9401270736,0.0,0.0,10007392375.430105,0.0
2022,Cayman Islands,468788,0.1600909090909091,75048.69709090909,439401.86003126745,70344.243228642
2023,Cayman Islands,435291,0.1600909090909091,69686.13190909091,405408.1666496434,64902.161951820184
2024,Cayman Islands,1617074,0.1600909090909091,258878.84672727273,1417299.0966882186,226896.70084254118
2022,Central African Republic,33669,0.16757575757575757,5642.108181818182,31049.36342214172,5203.1205977104155
2023,Central African Republic,37159,0.16757575757575757,6226.947575757576,34783.47057553441,5828.866432809251
2024,Central African Republic,46391,0.16757575757575757,7774.0069696969695,39570.793546249864,6631.105706386719
2022,Chad,228625,0.20952380952380953,47902.380952380954,244511.92575334164,51231.07015784301
2023,Chad,2185341,0.20952380952380953,457880.97142857144,1764663.49165509,369739.0172991617
2024,Chad,1943012,0.20952380952380953,407107.2761904762,1702081.5228476482,356626.6047871263
2022,Chile,1210968604,0.0,0.0,1128175711.351278,0.0
2023,Chile,1081020798,0.0,0.0,1096105350.5115776,0.0
2024,Chile,942758422,0.0,0.0,994042548.3081295,0.0
2022,China,38921261211,0.14864285714285713,5785367470.006499,28449891866.627316,4228873212.460817
2023,China,20792419855,0.14864285714285713,3090644694.1610713,19692358252.238792,2927128394.4934945
2024,China,23675382065,0.14864285714285713,3519176434.090357,22640560211.965523,3365357557.2214465
2022,Christmas Island,33105,0.17869047619047618,5915.548214285714,25301.109354723503,4521.067278742854
2023,Christmas Island,223360,0.17869047619047618,39912.30476190476,181628.25894882937,32455.240081213436
2024,Christmas Island,88813,0.17869047619047618,15870.037261904761,87349.41519750847,15608.508596602405
2022,Cocos (Keeling) Islands,57733,0.19117647058823528,11037.191176470587,61480.04403360259,11753.537829953437
2023,Cocos (Keeling) Islands,36256,0.19117647058823528,6931.294117647059,41900.66968928253,8010.422146480482
2024,Cocos (Keeling) Islands,25792,0.19117647058823528,4930.823529411764,24116.710952938018,4610.547682179326
2022,Colombia,837443458,0.0,0.0,712978240.5750275,0.0
2023,Colombia,797872409,0.0,0.0,737289086.9555542,0.0
2024,Colombia,747040659,0.0,0.0,708449312.0072012,0.0
2022,Comoros,72628,0.18043478260869567,13104.61739130435,65305.493424571345,11783.382509216135
2023,Comoros,11730,0.18043478260869567,2116.5,12810.632202844588,2311.4836366002196
2024,Comoros,22042,0.18043478260869567,3977.14347826087,22181.611210982817,4002.3341967642914
2022,Cook Islands,80534,0.19796875,15943.2153125,73940.72751692643,14637.95340061653
2023,Cook Islands,19242,0.19796875,3809.3146874999998,18272.283319592625,3617.3410884256023
2024,Cook Islands,11052,0.19796875,2187.950625,12232.954052503765,2421.742622581605
2022,Costa Rica,358643762,0.1432087912087912,51360939.630593404,350597525.49479866,50208647.82690348
2023,Costa Rica,374208547,0.1432087912087912,53589953.67586813,368438158.03286093,52763583.2470796
2024,Costa Rica,370898110,0.1432087912087912,53115869.99472527,378324821.65535915,54179440.3935455
2022,Croatia,28870810,0.1539135802469136,4443609.731728395,27108009.77891648,4172290.83844138
2023,Croatia,28395650,0.1539135802469136,4370476.154938272,28093959.176496573,4324041.84016522
2024,Croatia,31520389,0.1539135802469136,4851415.921765433,31239240.81605569,4808143.3981946455
2022,Cuba,30682,0.4,12272.800000000001,24550.436355164344,9820.174542065737
2023,Cuba,25973,0.4,10389.2,22965.146742910336,9186.058697164135
2024,Cuba,15562,0.4,6224.8,14908.829666555672,5963.531866622269
2022,Curaçao,3558450,0.15875,564903.9375,3380326.895413598,536626.8946469087
2023,Curaçao,1163507,0.15875,184706.73625000002,1334327.3815641736,211824.47182331257
2024,Curaçao,2487072,0.15875,394822.68,2747463.901978234,436159.89443904464
2022,Cyprus,2439770,0.14564383561643834,355337.4608219178,2243752.919302568,326788.7813428068
2023,Cyprus,1942212,0.14564383561643834,282871.20526027394,1808074.5845404875,263334.9175730748
2024,Cyprus,1530250,0.14564383561643834,222871.47945205477,1536439.5934732868,223772.95558641074
2022,Czechia (Czech Republic),306260917,0.1486,45510372.266200006,289915192.57568777,43081397.61674721
2023,Czechia (Czech Republic),245547915,0.1486,36488420.169,257897067.87882003,38323504.28679266
2024,Czechia (Czech Republic),230603675,0.1486,34267706.105000004,247046521.1723426,36711113.04621011
2022,Côte d`Ivoire,58450100,0.15192424242424243,8879987.162121212,53263573.55323844,8092028.0608836645
2023,Côte d`Ivoire,55096966,0.15192424242424243,8370564.819424243,53724506.31594517,8162054.921666398
2024,Côte d`Ivoire,38283410,0.15192424242424243,5816178.061666667,41425103.81571049,6293477.514547411
2022,Democratic Republic of the Congo,3641551,0.15739215686274513,573151.5662156864,3427349.5808051755,539437.942845552
2023,Democratic Republic of the Congo,4701604,0.15739215686274513,739995.5942745099,4513466.6392936045,710384.249286466
2024,Democratic Republic of the Congo,4337262,0.15739215686274513,682651.0210588237,4271579.72284916,672313.1457903964
2022,Denmark,241616809,0.14864285714285713,35914612.8235,240309920.81216276,35720353.22929362
2023,Denmark,191841426,0.14864285714285713,28515857.678999998,206702831.83428922,30724899.503368273
2024,Denmark,202397951,0.14864285714285713,30085009.7165,212552651.53788102,31594433.41788074
2022,Djibouti,741500,0.1275,94541.25,601538.6019365891,76696.17174691512
2023,Djibouti,579687,0.1275,73910.0925,568544.0940715125,72489.37199411784
2024,Djibouti,458987,0.1275,58520.8425,496996.07081914006,63366.99902944036
2022,Dominica,44392,0.0,0.0,47052.797902098624,0.0
2023,Dominica,68144,0.0,0.0,70433.31089295738,0.0
2024,Dominica,71345,0.0,0.0,70483.31650111463,0.0
2022,Dominican Republic,226852689,0.14965625000000002,33949922.73815625,219431450.42193317,32839288.00220744
2023,Dominican Republic,217969307,0.14965625000000002,32620469.100718755,223575247.00522187,33459433.059625242
2024,Dominican Republic,220897736,0.14965625000000002,33058726.803250004,229173271.9481502,34297212.479990356
2022,Ecuador,634948259,0.14907777777777778,94656675.45558889,571209401.3962855,85154628.20593293
2023,Ecuador,619951890,0.14907777777777778,92421050.09033334,573864958.7122464,85550512.78935789
2024,Ecuador,572149252,0.14907777777777778,85294739.04537778,562470261.6410565,83851816.67153396
2022,Egypt,237309783,0.14695698924731182,34874331.2286129,226729173.69451642,33319436.740676943
2023,Egypt,149999294,0.14695698924731182,22043444.635462366,171852881.6303465,25254982.077870384
2024,Egypt,172317618,0.14695698924731182,25323278.335548386,180368562.9098162,26506420.960090946
2022,El Salvador,136680964,0.14960714285714286,20448448.507,130690564.18388061,19552241.905938424
2023,El Salvador,118884219,0.14960714285714286,17785928.335392855,125601897.6185031,18790941.040139623
2024,El Salvador,98309465,0.14960714285714286,14707798.174464285,108965673.39488763,16302043.066113723
2022,Equatorial Guinea,12206616,0.15,1830992.4,12078814.297219181,1811822.1445828772
2023,Equatorial Guinea,25186538,0.15,3777980.6999999997,23378913.364237446,3506837.0046356167
2024,Equatorial Guinea,10204695,0.15,1530704.25,10006024.382202499,1500903.6573303747
2022,Eritrea,13785,0.18410714285714286,2537.916964285714,11642.838306799837,2143.529695412613
2023,Eritrea,19193,0.18410714285714286,3533.568392857143,17332.079375048845,3190.959613513457
2024,Eritrea,32561,0.18410714285714286,5994.712678571429,28410.1864777508,5230.518260457335
2022,Estonia,40077345,0.1417471264367816,5680848.488965517,39516065.77015899,5601288.771006905
2023,Estonia,29713003,0.1417471264367816,4211732.7930574715,32409582.626285,4593965.206291341
2024,Estonia,31832444,0.1417471264367816,4512157.46445977,31974947.97562044,4532356.993509785
2022,Eswatini (Swaziland),1109194,0.19060377358490566,211416.56203773586,920502.7925469327,175451.30585488895
2023,Eswatini (Swaziland),704602,0.19060377358490566,134299.8000754717,705093.2967802103,134393.4430957299
2024,Eswatini (Swaziland),720869,0.19060377358490566,137400.35166037735,813238.1981129684,155006.26938372088
2022,Ethiopia,29773702,0.14872463768115943,4428083.042376812,29598459.81136495,4402020.21136561
2023,Ethiopia,24336959,0.14872463768115943,3619505.4095362322,25487129.183790468,3790564.053392142
2024,Ethiopia,22883362,0.14872463768115943,3403319.722376812,24581778.465415146,3655916.0958273946
2022,Falkland Islands,750835,0.18411764705882352,138241.97352941177,641131.7464932817,118043.66861905715
2023,Falkland Islands,752141,0.18411764705882352,138482.4311764706,696537.9901376973,128244.93583123485
2024,Falkland Islands,570731,0.18411764705882352,105081.64882352941,568418.9106137735,104655.95236594771
2022,Faroe Islands,36577202,0.18681818181818183,6833286.373636364,34400404.61179369,6426621.043385094
2023,Faroe Islands,28864693,0.18681818181818183,5392449.465,29831494.946623497,5573065.646846481
2024,Faroe Islands,36778835,0.18681818181818183,6870955.084090909,35290486.03453385,6592904.4364515515
2022,Fiji,96200636,0.14478688524590166,13928590.445114756,86797089.64524907,12567080.258144917
2023,Fiji,99481358,0.14478688524590166,14403595.964852462,95596364.19602734,13841099.812775632
2024,Fiji,88037700,0.14478688524590166,12746704.367213117,96667571.53865379,13996196.587367056
2022,Finland,286254443,0.14964893617021277,42837672.86894681,277585215.1706841,41540332.14687248
2023,Finland,247572331,0.14964893617021277,37048935.95932979,257749821.04214242,38571986.51701934
2024,Finland,217477105,0.14964893617021277,32545217.404627662,236698162.2418873,35421628.17294286
2022,France,1448851814,0.14864285714285713,215361473.20957142,1383299062.7289367,205617524.9670655
2023,France,1157918631,0.14864285714285713,172116333.6507857,1200878353.1705754,178501989.49628338
2024,France,1148695584,0.14864285714285713,170745393.59314284,1185667540.6159103,176241010.8586935
2022,French Guiana,27021,0.194375,5252.206875,25590.287164284222,4974.112067557746
2023,French Guiana,15947,0.194375,3099.698125,12791.345536575116,2486.317788671788
2024,French Guiana,46989,0.194375,9133.486875,37256.91742561013,7241.813324602969
2022,French Polynesia,4412877,0.14956521739130435,660012.907826087,4236276.123097433,633599.5592806595
2023,French Polynesia,3938341,0.14956521739130435,589038.827826087,3804743.643464426,569057.3101529402
2024,French Polynesia,3180780,0.14956521739130435,475734.05217391305,3298405.1458183816,493326.6826789232
2022,French Southern and Antarctic Lands,5454,0.23055555555555557,1257.45,5884.050629528069,1356.6005618078605
2023,French Southern and Antarctic Lands,10895,0.23055555555555557,2511.902777777778,9717.911354908732,2240.5184512706246
2024,French Southern and Antarctic Lands,1853,0.23055555555555557,427.2194444444445,2328.7479899148125,536.9057865636929
2022,Gabon,14880433,0.1544888888888889,2298861.5603555557,13979075.072608534,2159611.775661656
2023,Gabon,8685924,0.1544888888888889,1341878.7477333334,9547872.889945023,1475040.2740199512
2024,Gabon,11542249,0.1544888888888889,1783149.223288889,11823062.660152094,1826531.8136306081
2022,Gambia,102552,0.1417179487179487,14533.459076923076,104699.17822724083,14837.752770819488
2023,Gambia,50378,0.1417179487179487,7139.46682051282,55633.586965512135,7884.277824573988
2024,Gambia,196743,0.1417179487179487,27882.014384615384,169354.72891504172,24000.60478752399
2022,Gaza Strip,72868,0.23115384615384615,16843.71846153846,70192.7088269527,16225.314617307144
2023,Gaza Strip,9909,0.23115384615384615,2290.5034615384616,11474.433457563084,2652.359426152082
2024,Gaza Strip,9394,0.23115384615384615,2171.459230769231,11663.78785493831,2696.129423391509
2022,Georgia,19437692,0.14348101265822785,2788939.7318987343,16660464.582415279,2390460.3296414833
2023,Georgia,6607791,0.14348101265822785,948092.544113924,6711322.842552497,962947.3977257286
2024,Georgia,11294985,0.14348101265822785,1620615.8857594938,11794123.32985466,1692232.7587835768
2022,Germany,3848961577,0.14864285714285713,572120645.8383571,3617920261.2960052,537778004.5540705
2023,Germany,3356048982,0.14864285714285713,498852709.3958571,3294517617.738559,489706511.6081386
2024,Germany,3106097138,0.14864285714285713,461699153.1555714,3170119111.839602,471215562.2670151
2022,Ghana,68751928,0.1595875,10971948.3097,62269208.80313811,9937387.359870803
2023,Ghana,65404124,0.1595875,10437680.63885,64812949.05045225,10343336.506589048
2024,Ghana,40193759,0.1595875,6414421.5144125,44062156.39188608,7031769.383190119
2022,Gibraltar,33900,0.21616666666666667,7328.05,41487.82096417629,8968.283965089442
2023,Gibraltar,5509,0.21616666666666667,1190.8621666666668,6980.030034626426,1508.8498258184125
2024,Gibraltar,4188,0.21616666666666667,905.306,5105.461124763263,1103.6305131363254
2022,Greece,215921862,0.15448387096774194,33356445.06832258,196274939.84859642,30321312.48177188
2023,Greece,154303660,0.15448387096774194,23837426.701290324,157718451.33748582,24364956.885652244
2024,Greece,157485833,0.15448387096774194,24329021.104419354,166665991.84789404,25747207.579340793
2022,Greenland,577044,0.17796153846153845,102691.63799999999,496564.6295536,88369.40542094258
2023,Greenland,725255,0.17796153846153845,129067.49557692307,649251.5926426119,115541.81227528327
2024,Greenland,610388,0.17796153846153845,108625.58753846154,599916.3380846882,106762.03447376353
2022,Grenada,2081883,0.14848837209302326,309135.41755813954,1965478.9039167794,291850.76282578224
2023,Grenada,2150902,0.14848837209302326,319383.9365116279,1947587.845924608,289194.14874950284
2024,Grenada,1822728,0.14848837209302326,270653.9134883721,1744548.3937680179,259045.15102811152
2022,Guadeloupe,311366,0.18267441860465117,56878.60302325582,325635.7215408625,59485.316109383144
2023,Guadeloupe,391420,0.18267441860465117,71502.42093023256,384678.7378246694,70270.96478169251
2024,Guadeloupe,223390,0.18267441860465117,40807.638372093024,235843.988072754,43082.66340259262
2022,Guatemala,481732506,0.0,0.0,448736406.1436425,0.0
2023,Guatemala,456755200,0.0,0.0,456450648.5651831,0.0
2024,Guatemala,444704262,0.0,0.0,446724685.546268,0.0
2022,Guinea,967631,0.13706349206349205,132626.88388888887,978055.5087690281,134055.70346381838
2023,Guinea,871961,0.13706349206349205,119514.0196031746,927120.9797212317,127074.43904591803
2024,Guinea,396176,0.13706349206349205,54301.266031746025,407455.0932736805,55847.21794314652
2022,Guinea-Bissau,2022,0.190625,385.44374999999997,2685.332206201369,511.8914518071359
2023,Guinea-Bissau,23513,0.190625,4482.165625,22471.560508256603,4283.641221886415
2024,Guinea-Bissau,7387,0.190625,1408.146875,6822.2573003534035,1300.4927978798676
2022,Guyana,67988542,0.16122950819672133,10961759.189672133,60673432.878513806,9782347.743609563
2023,Guyana,97154432,0.16122950819672133,15664161.290491804,87867361.15553255,14166811.42565021
2024,Guyana,134915446,0.16122950819672133,21752351.006721314,130237626.05752099,20998148.397962607
2022,Haiti,39961410,0.14097297297297298,5633478.771891892,36478145.513657846,5142432.621601063
2023,Haiti,30399046,0.14097297297297298,4285443.8901621625,31669593.908525787,4464556.806131636
2024,Haiti,24952914,0.14097297297297298,3517686.470918919,26933647.509036303,3796916.3623549556
2022,Heard and McDonald Islands,3036,0.1125,341.55,3173.4542408269513,357.01360209303203
2023,Heard and McDonald Islands,5229,0.1125,588.2625,4523.236798257454,508.8641398039636
2024,Heard and McDonald Islands,1478,0.1125,166.275,1344.8064873921487,151.29072983161674
2022,Honduras,294254652,0.0,0.0,287293323.0877702,0.0
2023,Honduras,273715354,0.0,0.0,275121777.1693994,0.0
2024,Honduras,267332128,0.0,0.0,284499122.4966783,0.0
2022,Hong Kong,124691745,0.1481134020618557,18468518.560979385,123565913.26335266,18301767.79231534
2023,Hong Kong,70853013,0.1481134020618557,10494280.801762888,84127424.24048647,12460399.010959478
2024,Hong Kong,78026207,0.1481134020618557,11556726.96875258,81940335.39671841,12136461.84169746
2022,Hungary,187362292,0.1475979381443299,27654287.985195875,172151318.91460925,25409179.720623307
2023,Hungary,165863238,0.1475979381443299,24481071.942742266,160389734.48059773,23673194.10885276
2024,Hungary,144146902,0.1475979381443299,21275785.525092784,150241573.81032348,22175346.5179629
2022,Iceland,42359817,0.1579102564102564,6689049.5639615385,40416095.76736399,6382116.045725926
2023,Iceland,38241062,0.1579102564102564,6038655.905820513,38177991.98804435,6028696.504060798
2024,Iceland,41539743,0.1579102564102564,6559551.468346154,41357265.58206206,6530736.412490492
2022,India,5316291545,0.14864285714285713,790228764.6532142,4762145907.425429,707858973.8108798
2023,India,3513277125,0.14864285714285713,522223549.7946428,3698345343.4733405,549732618.5548587
2024,India,3816443710,0.14864285714285713,567287097.1792856,3836439827.5013676,570259377.2164532
2022,Indonesia,2695978212,0.14864285714285713,400737904.2265714,2436344177.2808814,362145159.4943938
2023,Indonesia,1294725028,0.14864285714285713,192451627.3762857,1525217623.0869179,226712705.26027685
2024,Indonesia,1464398014,0.14864285714285713,217672304.7952857,1600387982.1722558,237886242.207176
2022,Iran,46303,0.15416666666666667,7138.379166666667,44246.09560826498,6821.273072940851
2023,Iran,40215,0.15416666666666667,6199.8125,39449.9377772399,6081.865407324485
2024,Iran,74203,0.15416666666666667,11439.629166666668,68326.1161328339,10533.609570478558
2022,Iraq,286150193,0.16648148148148148,47638708.05685185,246838873.15950447,41094101.2908138
2023,Iraq,443848120,0.16648148148148148,73892492.57037038,390912519.16757816,65079695.32067644
2024,Iraq,276353284,0.16648148148148148,46007704.13259259,305640000.274591,50883400.04571432
2022,Ireland,471890473,0.15017525773195878,70866273.40403093,440376243.4514276,66133615.85934996
2023,Ireland,424146071,0.15017525773195878,63696245.52842268,409565663.02804595,61506629.00339738
2024,Ireland,468726875,0.15017525773195878,70391179.25902063,463374406.11977464,69587370.86543049
2022,Israel,423210477,0.0,0.0,410463478.1787168,0.0
2023,Israel,344128859,0.0,0.0,363732363.8652804,0.0
2024,Israel,304702613,0.0,0.0,326864143.1468927,0.0
2022,Italy,2746853610,0.14864285714285713,408300168.7435714,2630019544.0028524,390933619.3621383
2023,Italy,2239139323,0.14864285714285713,332832066.5116428,2335174934.636364,347107074.2127338
2024,Italy,2053083153,0.14864285714285713,305176145.8137857,2214025068.8315578,329099012.0170337
2022,Jamaica,17291349,0.14641891891891892,2531780.6272297297,15267621.124154462,2235468.5794623457
2023,Jamaica,17162986,0.14641891891891892,2512985.8555405405,15424121.878430761,2258383.250713477
2024,Jamaica,15125544,0.14641891891891892,2214665.8005405404,13818475.739792105,2023286.2789276685
2022,Japan,6109316923,0.0017142857142857144,10473114.725142857,5370912805.250892,9207279.094715815
2023,Japan,4248689840,0.0017142857142857144,7283468.297142858,4328076420.725236,7419559.57838612
2024,Japan,3856037943,0.0017142857142857144,6610350.759428572,3930807910.7280264,6738527.846962332
2022,Jordan,112353464,0.0,0.0,101028485.00371988,0.0
2023,Jordan,82267825,0.0,0.0,84154206.05792445,0.0
2024,Jordan,78737733,0.0,0.0,81982856.74711671,0.0
2022,Kazakhstan,86405180,0.16117142857142858,13926046.29657143,78111247.14152922,12589301.28929618
2023,Kazakhstan,83673256,0.16117142857142858,13485738.202742858,82739247.28924358,13335202.684532087
2024,Kazakhstan,83012936,0.16117142857142858,13379313.485028572,84430835.03095736,13607838.297418013
2022,Kenya,31953466,0.1527294117647059,4880234.0660235295,30752995.1675037,4696886.861935683
2023,Kenya,23231396,0.1527294117647059,3548117.4455529414,25694968.24314888,3924377.3850889266
2024,Kenya,21588093,0.1527294117647059,3297136.745011765,23946201.00488992,3657289.1934762467
2022,Kiribati,29470,0.18772727272727271,5532.322727272727,29254.826678221256,5491.928826411536
2023,Kiribati,11520,0.18772727272727271,2162.6181818181817,11795.636330865555,2214.3626384761246
2024,Kiribati,149846,0.18772727272727271,28130.18090909091,118294.72762009442,22207.146594135906
2022,Kosovo,13053213,0.16644230769230767,2172606.8945192304,11681484.80440428,1944293.2881176735
2023,Kosovo,8732276,0.16644230769230767,1453420.1688461537,9496416.89670554,1580605.543095893
2024,Kosovo,2515290,0.16644230769230767,418650.67211538454,2784018.9597021756,463378.5403119678
2022,Kuwait,76598052,0.15596610169491526,11946699.567864407,63627803.29910466,9923780.439972222
2023,Kuwait,61850889,0.15596610169491526,9646642.043694915,57732018.84544506,9004237.922301449
2024,Kuwait,104729797,0.15596610169491526,16334298.16938983,97270474.55197966,15170896.725886727
2022,Kyrgyzstan,478327,0.14315384615384616,68474.34976923077,435459.8679396384,62337.75494120516
2023,Kyrgyzstan,209610,0.14315384615384616,30006.477692307693,203327.9995379022,29107.185164618153
2024,Kyrgyzstan,497693,0.14315384615384616,71246.66715384615,422602.0985925553,60497.11580621119
2022,Laos,10324522,0.15534920634920638,1603906.298634921,7948028.202858036,1234719.873355105
2023,Laos,9272706,0.15534920634920638,1440507.517809524,9735807.24364364,1512449.928468894
2024,Laos,46396361,0.15534920634920638,7207637.858841271,39421203.49850003,6124052.676822537
2022,Latvia,51590365,0.1517956989247312,7831195.51295699,46238706.886036195,7018836.829141645
2023,Latvia,42685600,0.1517956989247312,6479490.486021506,42639217.1164178,6472449.763790001
2024,Latvia,44958697,0.1517956989247312,6824536.833860215,44822888.13128735,6803921.631713802
2022,Lebanon,9890390,0.1504625,1488132.805375,9503280.364182776,1429887.321795851
2023,Lebanon,7166512,0.1504625,1078291.3118,7284459.306032449,1096037.9583339074
2024,Lebanon,10718895,0.1504625,1612791.7389375,10867760.889551751,1635190.4728441804
2022,Lesotho,9816595,0.1559090909090909,1530496.4022727273,9916062.38800696,1546004.272311994
2023,Lesotho,4655006,0.1559090909090909,725757.7536363637,4711933.308443834,734633.2385437433
2024,Lesotho,5193165,0.1559090909090909,809661.6340909092,5074057.2678212235,791091.6558466726
2022,Liberia,9107821,0.16735897435897437,1524275.5812051282,7206736.967744917,1206112.1073966941
2023,Liberia,8982166,0.16735897435897437,1503246.0892820514,9458421.649192668,1582951.746263604
2024,Liberia,1238916,0.16735897435897437,207343.7110769231,1627091.179939493,272308.311063207
2022,Libya,41735600,0.16653846153846155,6950582.615384616,41436575.95271741,6900783.610587169
2023,Libya,32390023,0.16653846153846155,5394184.599615385,36528043.78712293,6083324.215317011
2024,Libya,26682119,0.16653846153846155,4443599.0488461545,27898007.03222749,4646091.171136348
2022,Liechtenstein,5668330,0.17927083333333335,1016166.2427083334,5079797.919819294,910659.606250938
2023,Liechtenstein,3561144,0.17927083333333335,638409.2525000001,3569763.9272839217,639954.5540474615
2024,Liechtenstein,2511665,0.17927083333333335,450268.2776041667,2807614.7262283214,503323.43164988974
2022,Lithuania,146222976,0.15072826086956523,22039934.871652175,133397008.28387596,20106699.06383161
2023,Lithuania,101157594,0.15072826086956523,15247308.217369566,106137539.96046937,15997926.811215531
2024,Lithuania,72971543,0.15072826086956523,10998873.769358696,86922214.9474601,13101634.289961187
2022,Luxembourg,30590995,0.16561643835616438,5066371.637671233,30165682.653453376,4995932.921647279
2023,Luxembourg,28131105,0.16561643835616438,4658973.417123288,28550939.08980943,4728504.843778027
2024,Luxembourg,23228809,0.16561643835616438,3847072.6138356165,25391435.27759357,4205239.075426114
2022,Macau,4822344,0.1564375,754395.4395,4575905.518074515,715843.2194837821
2023,Macau,3055846,0.1564375,478048.90862500004,3259880.12277778,509967.49670704897
2024,Macau,3145782,0.1564375,492118.271625,3261099.077724771,510158.1869715689
2022,Madagascar,24113024,0.16714084507042254,4030271.2085633804,21941809.49369581,3667372.581150538
2023,Madagascar,15472391,0.16714084507042254,2586068.507,16748390.19881646,2799340.091399365
2024,Madagascar,19987512,0.16714084507042254,3340729.6465352112,21324238.448885698,3564151.234829952
2022,Malawi,3141412,0.16944444444444443,532294.8111111111,3080696.767531228,522006.9522761247
2023,Malawi,2572628,0.16944444444444443,435917.5222222222,2680965.851579843,454274.76929547335
2024,Malawi,1945024,0.16944444444444443,329573.5111111111,2154896.62252511,365135.2610389769
2022,Malaysia,2142879386,0.1481134020618557,317389156.06868047,1925979807.6599593,285263421.61495507
2023,Malaysia,1181209978,0.1481134020618557,174953028.39098972,1313706988.9638627,194577611.4478744
2024,Malaysia,1309277376,0.1481134020618557,193921526.40197942,1334751086.7015202,197694524.35712108
2022,Maldives,3871593,0.18958064516129033,733979.0987419356,3841185.228089226,728214.3737251736
2023,Maldives,3548735,0.18958064516129033,672771.4708064516,3437999.4795768717,651778.1594023637
2024,Maldives,1596863,0.18958064516129033,302734.3177741936,1778798.623393699,337225.7906349926
2022,Mali,228459,0.16582456140350876,37884.11347368421,235122.06350334437,38989.013056730015
2023,Mali,163423,0.16582456140350876,27099.547298245612,184104.18698407398,30528.996059183635
2024,Mali,177533,0.16582456140350876,29439.331859649123,190262.70771279428,31550.230057918096
2022,Malta,4420336,0.16324657534246576,721604.7138630137,4572905.947908793,746511.2353593025
2023,Malta,3721721,0.16324657534246576,607558.207630137,3668055.90423611,598797.5645312564
2024,Malta,3752071,0.16324657534246576,612512.7411917808,3693278.539352419,602915.0733351065
2022,Marshall Islands,3466454,0.1572826086956522,545212.9280434783,3518668.573293595,553425.3723430253
2023,Marshall Islands,2252600,0.1572826086956522,354294.8043478261,2430991.5171204773,382352.6875297099
2024,Marshall Islands,2734503,0.1572826086956522,430089.765326087,3042423.738670398,478520.3423756594
2022,Martinique,1120512,0.15967741935483873,178920.46451612905,936108.6661119828,149475.41604046177
2023,Martinique,112682,0.15967741935483873,17992.770967741937,111250.78028632853,17764.237497333106
2024,Martinique,56959,0.15967741935483873,9095.066129032259,69456.27089879225,11090.598095129732
2022,Mauritania,790688,0.15329268292682927,121206.68487804878,625509.3958163776,95886.01348063252
2023,Mauritania,584517,0.15329268292682927,89602.17914634146,567192.6914204771,86946.48940433412
2024,Mauritania,66264,0.15329268292682927,10157.786341463414,81877.09097413252,12551.15894566885
2022,Mauritius,17324119,0.16801612903225807,2910731.4132741936,15200588.117348406,2553943.974490619
2023,Mauritius,12435811,0.16801612903225807,2089416.8255967742,12318282.724010408,2069670.1796131681
2024,Mauritius,10263039,0.16801612903225807,1724356.084887097,10841719.864676267,1821583.8037150432
2022,Mayotte,13791,0.163875,2260.000125,14263.739519141154,2337.4703136992566
2023,Mayotte,17561,0.163875,2877.8088749999997,17959.287796721368,2943.0782876877142
2024,Mayotte,17323,0.163875,2838.8066249999997,16068.810192938809,2633.2762703678472
2022,Mexico,4249188888,0.0,0.0,4090308782.1621823,0.0
2023,Mexico,4439355954,0.0,0.0,4230078886.925441,0.0
2024,Mexico,4135777206,0.0,0.0,3968774867.1134567,0.0
2022,Micronesia,133658,0.17450000000000002,23323.321000000004,152931.3538018962,26686.52123843089
2023,Micronesia,73912,0.17450000000000002,12897.644000000002,78355.71005999057,13673.071405468356
2024,Micronesia,30028,0.17450000000000002,5239.886,36350.10312183987,6343.092994761058
2022,Moldova,6442632,0.1674179104477612,1078611.9872238806,5782202.0231212685,968044.1804977801
2023,Moldova,6241857,0.1674179104477612,1044998.6562537313,5420471.502669605,907484.0126185815
2024,Moldova,5551933,0.1674179104477612,929493.0218059701,5109786.732002992,855469.8175056353
2022,Monaco,1225202,0.17093939393939395,209435.28733333334,1210819.6241635266,206976.772724438
2023,Monaco,1215788,0.17093939393939395,207826.06387878789,1150550.7444415994,196674.44695136553
2024,Monaco,982769,0.17093939393939395,167993.93724242426,1048219.3095798518,179181.97349514984
2022,Mongolia,713850,0.15703636363636364,112100.40818181819,674467.7859678089,105915.96849825392
2023,Mongolia,1217977,0.15703636363636364,191266.67907272727,1197258.8174221404,188013.17101954593
2024,Mongolia,572493,0.15703636363636364,89902.21892727273,605523.6461483402,95089.23148696753
2022,Montenegro,322273,0.18278846153846157,58907.78586538463,295799.4977648088,54068.73512027901
2023,Montenegro,307900,0.18278846153846157,56280.56730769232,316358.3454909059,57826.65526713579
2024,Montenegro,225816,0.18278846153846157,41276.559230769235,256443.3335206606,46874.882406036144
2022,Montserrat ,182312,0.17439393939393938,31794.107878787876,192404.52749393028,33554.18350689602
2023,Montserrat ,154304,0.17439393939393938,26909.682424242423,180489.2043061616,31476.223357029092
2024,Montserrat ,60548,0.17439393939393938,10559.20424242424,65686.03240669696,11455.245954561848
2022,Morocco,97367536,0.0,0.0,87603413.63019775,0.0
2023,Morocco,74806736,0.0,0.0,77594466.0267893,0.0
2024,Morocco,78229354,0.0,0.0,80539983.6318979,0.0
2022,Mozambique,3541564,0.16441176470588234,582274.7870588235,3606627.7727325168,592972.036752199
2023,Mozambique,4814386,0.16441176470588234,791541.6982352941,4569764.230838124,751323.001481915
2024,Mozambique,4224938,0.16441176470588234,694629.5123529411,3941646.4593394864,648053.0502266978
2022,Myanmar (Burma),66669721,0.16422666666666666,10948946.047426667,61596345.183998436,10115762.44841745
2023,Myanmar (Burma),38703386,0.16422666666666666,6356128.071493333,42692840.94300532,7011302.958599954
2024,Myanmar (Burma),26704568,0.16422666666666666,4385602.187413333,32006859.482560456,5256379.843289295
2022,Namibia,4805985,0.15210526315789474,731015.6131578948,4265830.582632773,648855.2833583533
2023,Namibia,2615276,0.15210526315789474,397797.24421052635,2677356.3290955015,407239.9890045263
2024,Namibia,4313421,0.15210526315789474,656094.0363157894,4266167.688808563,648906.5589819341
2022,Nauru,58439,0.17777777777777778,10389.155555555555,53306.741167225104,9476.753985284464
2023,Nauru,28535,0.17777777777777778,5072.888888888889,25630.874298577382,4556.599875302646
2024,Nauru,83487,0.17777777777777778,14842.133333333333,77790.200427552,13829.368964898134
2022,Nepal,10841629,0.0023333333333333335,25297.134333333335,10892495.74582247,25415.8234069191
2023,Nepal,9081769,0.0023333333333333335,21190.794333333335,9538121.56155086,22255.616976952006
2024,Nepal,8064490,0.0023333333333333335,18817.143333333333,8888572.092014357,20740.001548033502
2022,Netherlands,1070210723,0.14864285714285713,159079179.61164284,1019825722.2418314,151589809.14180365
2023,Netherlands,929744845,0.14864285714285713,138199930.17464286,949589395.373745,141149680.84091166
2024,Netherlands,917648642,0.14864285714285713,136401916.00014284,938908560.3791785,139562051.0106479
2022,New Caledonia,2538842,0.16443181818181818,417466.4061363636,2125935.579315057,349571.45264419174
2023,New Caledonia,1189685,0.16443181818181818,195622.06761363635,1181113.8009413227,194212.68976841978
2024,New Caledonia,1508046,0.16443181818181818,247970.74568181817,1583584.6786553878,260391.7079561757
2022,New Zealand,254179703,0.1528404255319149,38848933.96809575,245099451.4079308,37461104.45082704
2023,New Zealand,245398617,0.1528404255319149,37506829.047223404,254360869.0840846,38876623.46947919
2024,New Zealand,243553408,0.1528404255319149,37224806.51846809,252190134.1601713,38544847.41999129
2022,Nicaragua,166568563,0.0,0.0,158766989.28186542,0.0
2023,Nicaragua,167804073,0.0,0.0,164230620.97501603,0.0
2024,Nicaragua,143165299,0.0,0.0,149093683.65281564,0.0
2022,Niger,791321,0.164375,130073.389375,844079.6827387734,138745.59785018588
2023,Niger,356333,0.164375,58572.236874999995,454848.85536277795,74765.78060025662
2024,Niger,195902,0.164375,32201.391249999997,208980.0650628827,34351.09819471134
2022,Nigeria,100235495,0.14451136363636363,14485168.067215908,96012508.1004847,13874898.471748453
2023,Nigeria,153699034,0.14451136363636363,22211256.992931817,145146705.66073054,20975348.36235807
2024,Nigeria,170785578,0.14451136363636363,24680456.766204543,163535304.66974318,23632709.880512774
2022,Niue,70132,0.22522727272727272,15795.63909090909,57693.42288686741,12994.132291110363
2023,Niue,90584,0.22522727272727272,20401.98727272727,83931.55300549317,18903.67477919176
2024,Niue,84532,0.22522727272727272,19038.91181818182,88834.40723583507,20007.931266071035
2022,Norfolk Island,2140,0.19642857142857142,420.35714285714283,2521.0422274116936,495.20472324158266
2023,Norfolk Island,5867,0.19642857142857142,1152.4464285714284,4904.674206799445,963.4181477641766
2024,Norfolk Island,1002,0.19642857142857142,196.82142857142856,994.3627797469828,195.32126030744305
2022,North Macedonia,10947630,0.159231884057971,1743211.7508695652,10869247.173332566,1730730.7057015202
2023,North Macedonia,3931337,0.159231884057971,625994.1973768115,3909902.370431268,622581.1209264977
2024,North Macedonia,5598783,0.159231884057971,891504.7655217391,5359136.592085867,853345.4164818467
2022,Norway,299141383,0.1463804347826087,43788445.70501087,285722557.7017539,41824192.22358174
2023,Norway,264179682,0.1463804347826087,38670736.71189131,281932970.1952725,41269470.75673625
2024,Norway,296274479,0.1463804347826087,43368787.05101087,309055748.2975579,45239714.807861
2022,Oman,251807421,0.0,0.0,215520408.54883844,0.0
2023,Oman,107178285,0.0,0.0,124289555.20916708,0.0
2024,Oman,94969423,0.0,0.0,112241862.65185386,0.0
2022,Pakistan,560830955,0.14588172043010753,81814984.58586021,497565541.54215777,72585717.22690812
2023,Pakistan,299629637,0.14588172043010753,43710486.937408604,331549604.2637294,48367026.67791416
2024,Pakistan,342506051,0.14588172043010753,49965371.97760215,356447126.8066616,51999120.10092449
2022,Palau,66031,0.21125,13949.04875,67596.84451737134,14279.833404294695
2023,Palau,65833,0.21125,13907.221249999999,67648.81699100275,14290.81258934933
2024,Palau,91166,0.21125,19258.8175,81853.27857891639,17291.505099796086
2022,Panama,26293733,0.0,0.0,26798438.623287976,0.0
2023,Panama,26466611,0.0,0.0,27692864.409870032,0.0
2024,Panama,25037231,0.0,0.0,26282791.09350419,0.0
2022,Papua New Guinea,3034897,0.1519318181818182,461097.4192045455,3195987.5861216583,485572.2048459838
2023,Papua New Guinea,3228233,0.1519318181818182,490471.3092045455,3256616.074863378,494783.6013741292
2024,Papua New Guinea,1746725,0.1519318181818182,265383.1051136364,1958444.9458119504,297550.10142620205
2022,Paraguay,20993208,0.16226666666666667,3406497.8848,17247776.852784157,2798739.257311776
2023,Paraguay,14636130,0.16226666666666667,2374956.028,13328555.686148426,2162780.3026723512
2024,Paraguay,21666396,0.16226666666666667,3515733.8576,22052344.542369973,3578360.441075234
2022,Peru,664853489,0.0,0.0,581301859.6444522,0.0
2023,Peru,565690242,0.0,0.0,539916261.098868,0.0
2024,Peru,650445060,0.0,0.0,605455346.586731,0.0
2022,Philippines,702893243,0.14965625000000002,105192366.89771876,617447442.0849936,92404868.75453234
2023,Philippines,417825316,0.14965625000000002,62530169.94762501,448500058.418612,67120836.86771041
2024,Philippines,415550953,0.14965625000000002,62189797.30990626,428810354.2122814,64174149.572581746
2022,Pitcairn Islands,8044,0.2916666666666667,2346.166666666667,6880.782943809026,2006.8950252776326
2023,Pitcairn Islands,450,0.2916666666666667,131.25,568.2751533040845,165.7469197136913
2024,Pitcairn Islands,650,0.2916666666666667,189.58333333333334,787.7845642323568,229.7704979011041
2022,Poland,629293201,0.14864285714285713,93539939.37721428,552974999.8728813,82195783.90967613
2023,Poland,455084490,0.14864285714285713,67645058.835,459458098.4218315,68295164.48684509
2024,Poland,393537107,0.14864285714285713,58496479.97621428,409621754.13989383,60887347.88322279
2022,Portugal,304821032,0.15173958333333334,46253416.38691667,293079283.71170056,44471728.394045234
2023,Portugal,245535124,0.15173958333333334,37257397.40945834,257577885.57613704,39084761.03320405
2024,Portugal,293340599,0.15173958333333334,44511380.26701042,304022447.2186605,46132239.46493987
2022,Qatar,99176346,0.18061666666666668,17912901.0267,85139436.95339637,15377601.304399274
2023,Qatar,82887546,0.18061666666666668,14970872.266700001,81082284.16842254,14644811.892219918
2024,Qatar,39314920,0.18061666666666668,7100929.800666667,48042763.88278258,8677323.869961914
2022,Republic of the Congo,4241907,0.17077777777777778,724423.451,4372163.147414664,746668.3063973709
2023,Republic of the Congo,6918249,0.17077777777777778,1181483.1903333333,6101823.044876343,1042055.7799972154
2024,Republic of the Congo,1437562,0.17077777777777778,245503.6437777778,1737647.4150543844,296751.56410428765
2022,Reunion,1167771,0.1818918918918919,212408.07648648648,1125933.309971649,204798.1398948432
2023,Reunion,714873,0.1818918918918919,130029.60243243244,799588.1395846244,145438.59944336547
2024,Reunion,1351003,0.1818918918918919,245736.49162162162,1351574.5591653478,245840.4535995349
2022,Romania,159918875,0.00022105263157894738,35350.48815789474,152978072.57729226,33816.20551708566
2023,Romania,134971260,0.00022105263157894738,29835.752210526316,137046071.53560343,30294.394760501815
2024,Romania,128936505,0.00022105263157894738,28501.753736842107,134777054.74341124,29792.822627490907
2022,Russia,613988686,0.1463804347826087,89875930.80828261,642643408.8064803,94070421.59127033
2023,Russia,337079513,0.1463804347826087,49341845.669250004,397873827.6288349,58240943.876929566
2024,Russia,264896781,0.1463804347826087,38775705.97529348,305031058.29997814,44650578.93615007
2022,Rwanda,2032253,0.13547169811320753,275312.76490566035,1847104.6303573172,250230.40086727426
2023,Rwanda,1282781,0.13547169811320753,173780.52037735848,1274725.0006619,172689.1604670272
2024,Rwanda,906804,0.13547169811320753,122846.27773584904,997744.7568507775,135166.17649412417
2022,Saint Helena,487766,0.21611111111111111,105411.65222222223,419479.95062822377,90654.27821909948
2023,Saint Helena,82004,0.21611111111111111,17721.975555555557,92576.48449973419,20006.80692799811
2024,Saint Helena,179717,0.21611111111111111,38838.84055555556,188834.23557287312,40809.17646547091
2022,Saint Kitts and Nevis,1034068,0.16138297872340426,166880.9740425532,1036036.972457186,167198.73268271823
2023,Saint Kitts and Nevis,914387,0.16138297872340426,147566.49776595747,955711.6173173478,154235.58760323582
2024,Saint Kitts and Nevis,829917,0.16138297872340426,133934.4775531915,906929.1402494843,146362.92614451784
2022,Saint Lucia,475355,0.16182926829268293,76926.3518292683,433444.8093163307,70144.05633692327
2023,Saint Lucia,396286,0.16182926829268293,64130.67341463415,374646.4644997293,60628.7632184318
2024,Saint Lucia,338524,0.16182926829268293,54783.0912195122,345106.93782748876,55848.40323135092
2022,Saint Pierre and Miquelon,1200,0.125,150.0,1157.429815892942,144.67872698661776
2023,Saint Pierre and Miquelon,2338,0.125,292.25,2657.0571623209626,332.1321452901203
2024,Saint Pierre and Miquelon,604,0.125,75.5,749.6249829042562,93.70312286303202
2022,Saint Vincent and the Grenadines,328061,0.16455,53982.43755,337076.8581921105,55465.997015511784
2023,Saint Vincent and the Grenadines,210324,0.16455,34608.8142,232414.4978496308,38243.805621156745
2024,Saint Vincent and the Grenadines,134229,0.16455,22087.38195,157948.93336406327,25990.496985056612
2022,Samoa,866366,0.1746875,151343.31062499998,783580.8720851719,136881.78359237846
2023,Samoa,320708,0.1746875,56023.67875,327632.1972478686,57233.24945673704
2024,Samoa,332685,0.1746875,58115.9109375,366193.8873343895,63969.49469372616
2022,San Marino,894993,0.1641,146868.3513,985880.0478582988,161782.91585354682
2023,San Marino,894391,0.1641,146769.5631,863228.531264298,141655.8019804713
2024,San Marino,902381,0.1641,148080.72209999998,970106.9472210897,159194.55003898081
2022,Saudi Arabia,686104340,0.15376470588235294,105498632.04470588,605321929.8063376,93077148.50080979
2023,Saudi Arabia,634065458,0.15376470588235294,97496888.65952942,581428675.2939328,89403209.24813767
2024,Saudi Arabia,458956560,0.15376470588235294,70571320.46117647,486303277.6105112,74776280.45140448
2022,Senegal,5934899,0.15098529411764705,896082.4710735293,5297378.755120381,799826.2893944257
2023,Senegal,6794122,0.15098529411764705,1025812.5084411764,5945264.513038642,897647.511108349
2024,Senegal,8567413,0.15098529411764705,1293553.371632353,8667772.403657435,1308706.1657110422
2022,Serbia,39549331,0.15155681818181818,5993970.767579545,35627637.6565016,5399611.402554112
2023,Serbia,27206752,0.15155681818181818,4123368.766181818,27967819.389734793,4238713.7181919655
2024,Serbia,26388774,0.15155681818181818,3999398.623159091,27781576.306115247,4210487.309030216
2022,Seychelles,2200257,0.18500000000000003,407047.54500000004,2077713.2730902801,384376.9555217019
2023,Seychelles,1333971,0.18500000000000003,246784.63500000004,1353404.7680118731,250379.88208219656
2024,Seychelles,923100,0.18500000000000003,170773.50000000003,1047739.2037802433,193831.75269934503
2022,Sierra Leone,831800,0.15635294117647058,130054.37647058823,768463.6558693633,120151.5527823981
2023,Sierra Leone,1312254,0.15635294117647058,205174.77247058824,1268781.0804950967,198377.65364446864
2024,Sierra Leone,856886,0.15635294117647058,133976.64635294117,907954.1386622753,141961.30003319573
2022,Singapore,494997623,0.0,0.0,463145191.81489885,0.0
2023,Singapore,367916453,0.0,0.0,382353472.95615107,0.0
2024,Singapore,351450385,0.0,0.0,364040787.45533663,0.0
2022,Sint Maarten,327694,0.19442857142857142,63713.07628571428,338501.87400559726,65814.43578880256
2023,Sint Maarten,416510,0.19442857142857142,80981.44428571429,398866.1172217953,77550.96936269477
2024,Sint Maarten,324332,0.19442857142857142,63059.40742857142,331882.2400686506,64527.389819061915
2022,Slovakia,116195681,0.15610227272727273,18138409.88519318,114130297.35767153,17815998.804571975
2023,Slovakia,117323452,0.15610227272727273,18314457.50140909,117844993.57146415,18395871.326036397
2024,Slovakia,114470647,0.15610227272727273,17869128.157261364,117216525.80260992,18297766.078982413
2022,Slovenia,56567903,0.15553409090909093,8798237.367738638,51016850.838865705,7934859.51626767
2023,Slovenia,46683869,0.15553409090909093,7260933.125034092,46768709.62198186,7274128.734046202
2024,Slovenia,40598402,0.15553409090909093,6314435.547431819,42167965.088302694,6558556.115495443
2022,Solomon Islands,255157,0.1494,38120.4558,269103.41238571575,40204.04981042593
2023,Solomon Islands,108820,0.1494,16257.708,122099.55855322686,18241.674047852095
2024,Solomon Islands,167977,0.1494,25095.7638,175430.49401355692,26209.315805625403
2022,Somalia,32261,0.1453125,4687.926562500001,26609.209015828008,3866.6506851125077
2023,Somalia,66616,0.1453125,9680.1375,59262.484895116715,8611.579836321649
2024,Somalia,141928,0.1453125,20623.912500000002,123192.75010942428,17901.446500275717
2022,South Africa,297295888,0.1481134020618557,44033505.39068042,289449606.59924626,42871365.95888012
2023,South Africa,296676387,0.1481134020618557,43941748.9899897,297948200.87313145,44130121.66952866
2024,South Africa,267603156,0.1481134020618557,39635613.83764949,291187160.33557826,43128720.95403354
2022,South Korea,5519278537,0.0012989690721649484,7169372.120226803,4921727000.491001,6393171.15527697
2023,South Korea,3483198092,0.0012989690721649484,4524566.593731958,3665104376.523544,4760857.231360479
2024,South Korea,3913169444,0.0012989690721649484,5083086.081896907,3880724884.1687565,5040941.602116116
2022,South Sudan,3286,0.11342105263157896,372.7015789473685,3854.170848324385,437.1441146388974
2023,South Sudan,17242,0.11342105263157896,1955.6057894736846,14656.22062340647,1662.3239707074183
2024,South Sudan,3111,0.11342105263157896,352.85289473684213,3320.7265076135595,376.64029599511696
2022,Spain,1243558674,0.14864285714285713,184846114.32814285,1100461158.213776,163575690.73163342
2023,Spain,963887407,0.14864285714285713,143274978.14049998,1011318624.9123394,150325289.8887556
2024,Spain,812419782,0.14864285714285713,120760397.59585713,879755303.4891609,130769341.89721027
2022,Sri Lanka,229996912,0.138561797752809,31868785.604314607,209148173.94889292,28979946.979075816
2023,Sri Lanka,132966277,0.138561797752809,18424046.38161798,150894772.6716371,20908250.972883467
2024,Sri Lanka,143561161,0.138561797752809,19892092.55564045,151718277.3746021,21022357.264984194
2022,Sudan,619788,0.11736842105263158,72743.53894736842,797130.1860143886,93557.9113058993
2023,Sudan,1466723,0.11736842105263158,172146.96263157894,1363695.246272963,160054.75785203723
2024,Sudan,80776,0.11736842105263158,9480.551578947368,95211.6091954199,11174.83623714665
2022,Suriname,4610448,0.15581632653061225,718383.0710204082,4407242.623761495,686720.3557636533
2023,Suriname,5556011,0.15581632653061225,865717.2241836735,5288624.4989438625,824054.0418252324
2024,Suriname,5725228,0.15581632653061225,892083.9955102041,5115077.634657138,797012.6069511684
2022,Svalbard and Jan Mayen,15660,0.15,2349.0,12501.953365415342,1875.2930048123012
2023,Svalbard and Jan Mayen,4001,0.15,600.15,3940.801671816833,591.1202507725249
2024,Svalbard and Jan Mayen,2875,0.15,431.25,3585.711102999103,537.8566654498654
2022,Sweden,588181140,0.1481134020618557,87117509.67402063,536075471.33551276,79399961.8214156
2023,Sweden,455657315,0.1481134020618557,67488955.09902063,452131419.2734996,66966722.687653296
2024,Sweden,497123536,0.1481134020618557,73630658.16197939,476682303.42933995,70603037.66360132
2022,Switzerland,501200400,0.14830208333333333,74329063.4875,484353333.9526623,71830608.49462555
2023,Switzerland,452729789,0.14830208333333333,67140770.89576042,455970617.80986834,67621392.55999058
2024,Switzerland,455018650,0.14830208333333333,67480213.75052084,452567411.01138884,67116689.9017619
2022,Syria,933442,0.17173584905660377,160305.45441509434,822321.998314381,141222.1665784433
2023,Syria,762399,0.17173584905660377,130931.23958490566,758654.552474766,130288.18370991171
2024,Syria,525011,0.17173584905660377,90163.2098490566,539236.630684347,92606.26061299861
2022,São Tomé and Príncipe,24812,0.21191176470588236,5257.954705882353,24987.235499953313,5295.089169916577
2023,São Tomé and Príncipe,47706,0.21191176470588236,10109.462647058823,55884.896303914196,11842.6669961677
2024,São Tomé and Príncipe,19462,0.21191176470588236,4124.2267647058825,17562.007312047972,3721.595961273695
2022,Taiwan,4229251645,0.14864285714285713,628648048.0889286,3851415826.772701,572485452.5367136
2023,Taiwan,2165647247,0.14864285714285713,321907994.3576428,2497613604.5729814,371252422.22259814
2024,Taiwan,2466917397,0.14864285714285713,366689650.2255,2581757171.5881796,383759762.43392867
2022,Tajikistan,83236,0.1745263157894737,14526.872421052632,64674.68805074015,11287.435030329176
2023,Tajikistan,17594,0.1745263157894737,3070.616,16249.162381237844,2835.9064450623523
2024,Tajikistan,74082,0.1745263157894737,12929.25852631579,73529.09551579105,12832.762143703323
2022,Tanzania,5989696,0.15427272727272728,924046.7374545456,5287663.264541633,815742.2327206503
2023,Tanzania,5485270,0.15427272727272728,846227.5627272727,4963914.020297157,765796.5538585705
2024,Tanzania,6693369,0.15427272727272728,1032604.2902727274,5892816.187162741,909100.8245104703
2022,Thailand,4261567819,0.14864285714285713,633451616.5242143,3828973144.704354,569149508.1521257
2023,Thailand,2299744921,0.14864285714285713,341840655.75721425,2595820470.1104493,385850171.30713177
2024,Thailand,2683443899,0.14864285714285713,398874768.1299285,2758755938.3440895,410069364.8352893
2022,Timor-Leste,219824,0.17222222222222225,37858.577777777784,224326.71729991812,38634.04575720813
2023,Timor-Leste,98933,0.17222222222222225,17038.461111111115,106255.63333763473,18299.581297037097
2024,Timor-Leste,167321,0.17222222222222225,28816.39444444445,171508.2330336177,29537.529022456387
2022,Togo,6224034,0.11972340425531915,745162.538680851,5222880.553556169,625301.0398906503
2023,Togo,7357724,0.11972340425531915,880891.7648510638,6450646.542145011,772293.3636734037
2024,Togo,7475775,0.11972340425531915,895025.2324468085,7168733.800477187,858265.2147933007
2022,Tokelau,24402,0.2056875,5019.186375,25916.995235434715,5330.8019574884775
2023,Tokelau,5915,0.2056875,1216.6415625,6047.4611233700025,1243.8871598131673
2024,Tokelau,3260,0.2056875,670.54125,3997.259823449325,822.1863799357329
2022,Tonga,832810,0.16695652173913045,139043.06086956523,812770.9610454342,135697.412626716
2023,Tonga,479882,0.16695652173913045,80119.4295652174,477856.6262733313,79781.28021259097
2024,Tonga,468877,0.16695652173913045,78282.07304347826,514056.84500799666,85825.14281872641
2022,Trinidad and Tobago,183714176,0.15669444444444444,28786990.744888887,193409366.6840993,30306173.26291678
2023,Trinidad and Tobago,171519524,0.15669444444444444,26876156.524555556,176018793.25436994,27581167.020775024
2024,Trinidad and Tobago,164620626,0.15669444444444444,25795137.535166666,166642936.24728075,26112022.31585863
2022,Tunisia,40481335,0.16151190476190477,6538217.523154763,36688366.600746244,5925607.972289575
2023,Tunisia,30511411,0.16151190476190477,4927956.107583334,30840639.637007397,4981130.451848564
2024,Tunisia,31017634,0.16151190476190477,5009717.14854762,31164361.46307524,5033415.380589783
2022,Turkey,1573300182,0.15017525773195878,236270760.32158765,1458547928.254397,219037811.0400186
2023,Turkey,1019737845,0.15017525773195878,153139393.69190723,1121970894.2357907,168492268.20961612
2024,Turkey,1051484633,0.15017525773195878,157906975.7619691,1072842503.7589856,161114399.50780562
2022,Turkmenistan,2939612,0.19090909090909092,561198.6545454545,2739751.804015448,523043.526221131
2023,Turkmenistan,105812,0.19090909090909092,20200.47272727273,111294.21090475665,21247.076627271726
2024,Turkmenistan,1079651,0.19090909090909092,206115.19090909092,1156621.804001986,220809.6171276519
2022,Turks and Caicos Islands,330399,0.1719736842105263,56819.93328947368,337909.55088760465,58111.55039606569
2023,Turks and Caicos Islands,417699,0.1719736842105263,71833.23592105263,400974.9078906604,68957.13218593331
2024,Turks and Caicos Islands,287038,0.1719736842105263,49362.98236842105,295766.2562219088,50864.01274763615
2022,Tuvalu,13906,0.17222222222222222,2394.922222222222,11338.600710685709,1952.7590112847608
2023,Tuvalu,18162,0.17222222222222222,3127.9,16158.077030109698,2782.7799329633367
2024,Tuvalu,8545,0.17222222222222222,1471.638888888889,8039.825493430309,1384.636612757442
2022,Uganda,6681397,0.1322753623188406,883784.2089710146,5875943.900701174,777242.6084304292
2023,Uganda,5051198,0.1322753623188406,668149.045594203,4654954.817866811,615735.8351111651
2024,Uganda,5469579,0.1322753623188406,723490.5439565219,5190402.035006773,686562.3097609684
2022,Ukraine,60112885,0.14964516129032257,8995602.371451613,63778733.72497325,9544178.895166157
2023,Ukraine,37607496,0.14964516129032257,5627779.804645161,45187580.734317295,6762102.807306385
2024,Ukraine,42973979,0.14964516129032257,6430848.0187419355,43378075.02654689,6491319.033811322
2022,United Arab Emirates,404806677,0.14496875,58684317.956343755,381022572.40501106,55236366.04333895
2023,United Arab Emirates,291352063,0.14496875,42236944.38303125,317598381.00902486,46041840.296902075
2024,United Arab Emirates,322181594,0.14496875,46706262.9551875,333787456.9652993,48388750.40193824
2022,United Kingdom,1384659055,0.14864285714285713,205819678.10392857,1336371180.9770353,198642030.54380074
2023,United Kingdom,1198378411,0.14864285714285713,178130390.94935712,1219062835.0768323,181204982.84249198
2024,United Kingdom,1186089198,0.14864285714285713,176303687.21699998,1199311152.656893,178269036.33421388
2022,Uruguay,64588842,0.14964285714285713,9665258.856428571,56358357.81962014,8433625.688007442
2023,Uruguay,39881418,0.14964285714285713,5967969.3364285715,41187457.64245391,6163408.84006721
2024,Uruguay,47588089,0.14964285714285713,7121217.603928571,47698134.42813912,7137685.116210818
2022,Uzbekistan,2023026,0.1441470588235294,291613.2478235294,1855121.2328823952,267410.26948107703
2023,Uzbekistan,1863867,0.1441470588235294,268670.9460882353,1760556.78945951,253779.08309238407
2024,Uzbekistan,1974257,0.1441470588235294,284583.3399117647,1917427.9935630776,276391.60577801894
2022,Vanuatu,336799,0.1493103448275862,50287.574827586206,343147.8970472469,51235.53083498549
2023,Vanuatu,407718,0.1493103448275862,60876.51517241379,393500.36739146104,58753.67554500091
2024,Vanuatu,534100,0.1493103448275862,79746.6551724138,471747.7750253683,70436.82296068431
2022,Vatican City,61166,0.18846153846153849,11527.438461538462,60344.8711931046,11372.687263315867
2023,Vatican City,6207,0.18846153846153849,1169.7807692307695,6383.090864147238,1202.9671243969797
2024,Vatican City,7814,0.18846153846153849,1472.6384615384618,10247.186071241165,1931.2004518877584
2022,Venezuela,36308429,0.1444666666666667,5245357.709533334,33432901.28522813,4829939.805672624
2023,Venezuela,230684681,0.1444666666666667,33326246.91513334,182810129.04479864,26409969.97600525
2024,Venezuela,329296685,0.1444666666666667,47572394.42633334,289588640.09044206,41835905.538399205
2022,Vietnam,8345966915,0.14864285714285713,1240568367.8653572,7070283445.843535,1050947132.2000283
2023,Vietnam,4501623131,0.14864285714285713,669134123.9722142,4825619450.250119,717293862.5693213
2024,Vietnam,5912390675,0.14864285714285713,878834642.4767857,5592979659.836924,831356476.5800455
2022,Wallis and Futuna,8548,0.19545454545454544,1670.7454545454543,8079.962873563151,1579.2654707418885
2023,Wallis and Futuna,426,0.19545454545454544,83.26363636363635,560.7895428644046,109.60886519622451
2024,Wallis and Futuna,2690,0.19545454545454544,525.7727272727273,3456.5346753294602,675.5954138143944
2022,West Bank,1787544,0.14375,256959.44999999998,1625584.681376812,233677.79794791673
2023,West Bank,1796695,0.14375,258274.90624999997,1618969.3180005876,232726.83946258447
2024,West Bank,1421701,0.14375,204369.51875,1480060.9876570136,212758.76697569567
2022,Yemen,517911,0.14796551724137932,76632.96900000001,457465.7032617225,67689.14940331213
2023,Yemen,513120,0.14796551724137932,75924.06620689656,463385.0944260752,68565.01517869961
2024,Yemen,412792,0.14796551724137932,61078.981793103456,403402.6906899941,59689.68778450913
2022,Zambia,3647702,0.1430925925925926,521959.1361851852,3554717.4858528655,508653.7409849091
2023,Zambia,3855434,0.1430925925925926,551684.0466296297,3814303.5395466494,545798.5824088326
2024,Zambia,2347376,0.1430925925925926,335892.1176296297,2476014.648450702,354299.3553440477
2022,Zimbabwe,3260914,0.1691111111111111,551456.7897777777,2760958.7016689237,466908.7937711224
2023,Zimbabwe,4766128,0.1691111111111111,806005.2017777778,4354006.798701527,736310.927513747
2024,Zimbabwe,1694838,0.1691111111111111,286615.9373333333,1890792.4813562112,319754.0174026837
